"","fte_pollster_ratings_id","pollster","id","type","date","confidenceInterval","sampleSize","marginError","partisan","spread.name","spread.affiliation","spread.value","spread.color","updated","link","data_start_date","data_end_date","pollster_type","name","affiliation","value","color","Warren","Trump","fte_pollster_name","Pollster","X..of.Polls","NCPP...AAPOR...Roper","Live.Caller.With.Cellphones","Methodology","Banned.by.538","Historical.Advanced.Plus.Minus","Predictive....Plus.Minus","X538.Grade","Mean.Reverted.Bias","Races.Called.Correctly","Misses.Outside.MOE","Simple.Average.Error","Simple.Expected.Error","Simple.Plus.Minus","Advanced.Plus.Minus","Mean.Reverted.Advanced.Plus.Minus","Predictive.Plus.Minus","X..of.Polls.for.Bias.Analysis","Bias","Mean.Reverted.Bias.1","House.Effect","Average.Distance.from.Polling.Average..ADPA.","Herding.Penalty"
"1",  3,"ABC News/Wash Post","126568","poll_rcp_avg","2/14 - 2/17","","913 RV","4.0","",Warren,Democrat,+1.0,,2020-02-19 08:33:01,"https://www.langerresearch.com/wp-content/uploads/1211a12020Politics.pdf",2020-02-14,2020-02-17,"1","Warren","Democrat","+1.0","",48.0,47.0,"ABC News/Washington Post","ABC News/Washington Post", 63,"yes","yes","Live","no",-1.5,-1.3,"A+","D +0.6","79%","5%",2.8,4.6,-1.7,-1.5,-1.1,-1.3, 58,"D +0.9","D +0.6","D +1.5",3.8,0.02
"2",  3,"ABC News/Wash Post","123557","poll","9/2 - 9/5","","877 RV","4.0","",Warren,Democrat,+7.0,,2019-09-11 08:17:23,"https://www.washingtonpost.com/context/sept-2-5-2019-washington-post-abc-news-poll/d4e18b36-79bf-492d-91e3-d1c7a49d37e2/",2019-09-02,2019-09-05,"1","Warren","Democrat","+7.0","",51.0,44.0,"ABC News/Washington Post","ABC News/Washington Post", 63,"yes","yes","Live","no",-1.5,-1.3,"A+","D +0.6","79%","5%",2.8,4.6,-1.7,-1.5,-1.1,-1.3, 58,"D +0.9","D +0.6","D +1.5",3.8,0.02
"3",  3,"ABC News/Wash Post","122673","poll","6/28 - 7/1","","875 RV","4.0","",Tie,,,,2019-07-07 01:05:54,"https://www.washingtonpost.com/politics/aided-by-a-strong-economy-trump-approval-rises-but-a-majority-also-see-him-as-unpresidential/2019/07/04/c9c42c54-9d9f-11e9-b27f-ed2942f73d70_story.html",2019-06-28,2019-07-01,"1","Tie","","","",48.0,48.0,"ABC News/Washington Post","ABC News/Washington Post", 63,"yes","yes","Live","no",-1.5,-1.3,"A+","D +0.6","79%","5%",2.8,4.6,-1.7,-1.5,-1.1,-1.3, 58,"D +0.9","D +0.6","D +1.5",3.8,0.02
"4",  3,"ABC News/Wash Post","126187","poll","1/20 - 1/23","","880 RV","4.0","",Tie,,,,2020-01-27 08:08:31,"https://www.washingtonpost.com/politics/trump-begins-reelection-year-more-competitive-against-democrats-than-he-was-three-months-ago-post-abc-poll-finds/2020/01/26/e5718616-3fc7-11ea-baca-eb7ace0a3455_story.html",2020-01-20,2020-01-23,"1","Tie","","","",48.0,48.0,"ABC News/Washington Post","ABC News/Washington Post", 63,"yes","yes","Live","no",-1.5,-1.3,"A+","D +0.6","79%","5%",2.8,4.6,-1.7,-1.5,-1.1,-1.3, 58,"D +0.9","D +0.6","D +1.5",3.8,0.02
"5",  3,"ABC News/Wash Post","124780","poll","10/27 - 10/30","","876 RV","4.0","",Warren,Democrat,+15.0,,2019-11-05 08:31:20,"https://www.washingtonpost.com/politics/trump-trails-democratic-rivals-in-national-survey-as-independents-move-away/2019/11/04/e068afac-ff38-11e9-9518-1e76abc088b6_story.html",2019-10-27,2019-10-30,"1","Warren","Democrat","+15.0","",55.0,40.0,"ABC News/Washington Post","ABC News/Washington Post", 63,"yes","yes","Live","no",-1.5,-1.3,"A+","D +0.6","79%","5%",2.8,4.6,-1.7,-1.5,-1.1,-1.3, 58,"D +0.9","D +0.6","D +1.5",3.8,0.02
"6", 37,"CNN","125660","poll","12/12 - 12/15","","888 RV","4.0","",Warren,Democrat,+1.0,,2019-12-23 13:28:41,"https://cdn.cnn.com/cnn/2019/images/12/20/rel14c.-.economy,.general.election.pdf",2019-12-12,2019-12-15,"1","Warren","Democrat","+1.0","",47.0,46.0,"CNN/Opinion Research Corp.","CNN/Opinion Research Corp.", 98,"yes","yes","Live","no",-0.2,-0.1,"B+","D +0.1","72%","24%",5.4,6.0,-0.4,-0.2,-0.2,-0.1, 70,"D +0.1","D +0.1","D +0.2",4.6,0.20
"7", 37,"CNN","124435","poll","10/17 - 10/20","","892 RV","4.0","",Warren,Democrat,+8.0,,2019-10-23 08:33:54,"https://cdn.cnn.com/cnn/2019/images/10/22/rel12b.-.2020.pdf",2019-10-17,2019-10-20,"1","Warren","Democrat","+8.0","",52.0,44.0,"CNN/Opinion Research Corp.","CNN/Opinion Research Corp.", 98,"yes","yes","Live","no",-0.2,-0.1,"B+","D +0.1","72%","24%",5.4,6.0,-0.4,-0.2,-0.2,-0.1, 70,"D +0.1","D +0.1","D +0.2",4.6,0.20
"8", 37,"CNN","121755","poll","4/25 - 4/29","","452 RV","5.6","",Trump,Republican,+1.0,,2019-05-02 23:56:59,"https://cdn.cnn.com/cnn/2019/images/05/01/rel6d.-.trump.and.2020.pdf",2019-04-25,2019-04-29,"1","Trump","Republican","+1.0","",47.0,48.0,"CNN/Opinion Research Corp.","CNN/Opinion Research Corp.", 98,"yes","yes","Live","no",-0.2,-0.1,"B+","D +0.1","72%","24%",5.4,6.0,-0.4,-0.2,-0.2,-0.1, 70,"D +0.1","D +0.1","D +0.2",4.6,0.20
"9", 37,"CNN","126058","poll","1/16 - 1/19","","1051 RV","3.6","",Warren,Democrat,+5.0,,2020-01-22 08:31:13,"https://cdn.cnn.com/cnn/2020/images/01/22/rel1b.-.2020.pdf",2020-01-16,2020-01-19,"1","Warren","Democrat","+5.0","",50.0,45.0,"CNN/Opinion Research Corp.","CNN/Opinion Research Corp.", 98,"yes","yes","Live","no",-0.2,-0.1,"B+","D +0.1","72%","24%",5.4,6.0,-0.4,-0.2,-0.2,-0.1, 70,"D +0.1","D +0.1","D +0.2",4.6,0.20
"10", 88,"Emerson","121873","poll","5/10 - 5/13","","1006 RV","3.0","",Warren,Democrat,+3.0,,2019-05-13 21:50:15,"https://emersonpolling.reportablenews.com/pr/may-national-poll-biden-back-in-the-lead-for-the-democratic-nomination",2019-05-10,2019-05-13,"1","Warren","Democrat","+3.0","",52.0,49.0,"Emerson College","Emerson College",142,"yes","no","IVR/Online","no",-1.1,-0.5,"A-","R +0.0","81%","18%",5.0,6.1,-0.9,-1.1,-1.0,-0.5,113,"R +0.0","R +0.0","R +1.4",4.8,0.23
"11", 88,"Emerson","125138","poll","11/17 - 11/20","","1092 RV","2.9","",Tie,,,,2019-11-21 12:36:27,"https://emersonpolling.reportablenews.com/pr/november-national-poll-support-for-impeachment-declines-biden-and-sanders-lead-democratic-primary",2019-11-17,2019-11-20,"1","Tie","","","",50.0,50.0,"Emerson College","Emerson College",142,"yes","no","IVR/Online","no",-1.1,-0.5,"A-","R +0.0","81%","18%",5.0,6.1,-0.9,-1.1,-1.0,-0.5,113,"R +0.0","R +0.0","R +1.4",4.8,0.23
"12", 88,"Emerson","124404","poll","10/18 - 10/21","","1000 RV","3.0","",Warren,Democrat,+2.0,,2019-10-22 12:29:58,"https://emersonpolling.reportablenews.com/pr/october-national-poll-biden-sanders-warren-maintain-front-runner-status-in-democratic-primary",2019-10-18,2019-10-21,"1","Warren","Democrat","+2.0","",51.0,49.0,"Emerson College","Emerson College",142,"yes","no","IVR/Online","no",-1.1,-0.5,"A-","R +0.0","81%","18%",5.0,6.1,-0.9,-1.1,-1.0,-0.5,113,"R +0.0","R +0.0","R +1.4",4.8,0.23
"13", 88,"Emerson","126135","poll","1/21 - 1/23","","1128 RV","2.8","",Tie,,,,2020-01-23 22:49:40,"https://emersonpolling.reportablenews.com/pr/national-2020-biden-and-sanders-battle-in-two-way-race-for-democratic-nomination",2020-01-21,2020-01-23,"1","Tie","","","",50.0,50.0,"Emerson College","Emerson College",142,"yes","no","IVR/Online","no",-1.1,-0.5,"A-","R +0.0","81%","18%",5.0,6.1,-0.9,-1.1,-1.0,-0.5,113,"R +0.0","R +0.0","R +1.4",4.8,0.23
"14", 88,"Emerson","123751","poll","9/21 - 9/23","","1019 RV","3.0","",Warren,Democrat,+2.0,,2019-09-24 12:38:06,"https://emersonpolling.reportablenews.com/pr/september-national-poll-warren-surges-biden-slips-and-sanders-holds-creating-three-way-dead-heat-for-the-nomination",2019-09-21,2019-09-23,"1","Warren","Democrat","+2.0","",51.0,49.0,"Emerson College","Emerson College",142,"yes","no","IVR/Online","no",-1.1,-0.5,"A-","R +0.0","81%","18%",5.0,6.1,-0.9,-1.1,-1.0,-0.5,113,"R +0.0","R +0.0","R +1.4",4.8,0.23
"15", 88,"Emerson","125582","poll","12/15 - 12/17","","1222 RV","2.7","",Warren,Democrat,+2.0,,2019-12-17 23:30:40,"https://emersonpolling.reportablenews.com/pr/december-national-poll-biden-and-sanders-pull-away-from-the-pack-as-warren-falls",2019-12-15,2019-12-17,"1","Warren","Democrat","+2.0","",51.0,49.0,"Emerson College","Emerson College",142,"yes","no","IVR/Online","no",-1.1,-0.5,"A-","R +0.0","81%","18%",5.0,6.1,-0.9,-1.1,-1.0,-0.5,113,"R +0.0","R +0.0","R +1.4",4.8,0.23
"16", 88,"Emerson","122978","poll","7/27 - 7/29","","1233 RV","2.7","",Tie,,,,2019-07-30 08:32:07,"https://emersonpolling.reportablenews.com/pr/july-national-poll-biden-extends-support-while-bernie-bounces-back",2019-07-27,2019-07-29,"1","Tie","","","",50.0,50.0,"Emerson College","Emerson College",142,"yes","no","IVR/Online","no",-1.1,-0.5,"A-","R +0.0","81%","18%",5.0,6.1,-0.9,-1.1,-1.0,-0.5,113,"R +0.0","R +0.0","R +1.4",4.8,0.23
"17", 88,"Emerson","122484","poll","6/21 - 6/24","","1096 RV","2.9","",Warren,Democrat,+6.0,,2019-06-25 07:40:58,"https://emersonpolling.reportablenews.com/pr/june-national-poll-all-eyes-on-the-democratic-debates-biden-sanders-and-warren-separate-from-the-field",2019-06-21,2019-06-24,"1","Warren","Democrat","+6.0","",53.0,47.0,"Emerson College","Emerson College",142,"yes","no","IVR/Online","no",-1.1,-0.5,"A-","R +0.0","81%","18%",5.0,6.1,-0.9,-1.1,-1.0,-0.5,113,"R +0.0","R +0.0","R +1.4",4.8,0.23
"18", 88,"Emerson","122686","poll","7/6 - 7/8","","1100 RV","2.9","",Trump,Republican,+2.0,,2019-07-09 08:58:16,"https://emersonpolling.reportablenews.com/pr/july-national-poll-biden-extends-lead-in-democratic-primary-trump-closes-the-gap-in-the-general-election",2019-07-06,2019-07-08,"1","Trump","Republican","+2.0","",49.0,51.0,"Emerson College","Emerson College",142,"yes","no","IVR/Online","no",-1.1,-0.5,"A-","R +0.0","81%","18%",5.0,6.1,-0.9,-1.1,-1.0,-0.5,113,"R +0.0","R +0.0","R +1.4",4.8,0.23
"19", 88,"Emerson","115891","poll","10/12 - 10/14","","820 RV","3.4","",Tie,,,,2017-10-23 10:37:58,"http://www.emerson.edu/sites/default/files/Files/Academics/ecp-10.16-national.press_.release.pdf",2017-10-12,2017-10-14,"1","Tie","","","",44.0,44.0,"Emerson College","Emerson College",142,"yes","no","IVR/Online","no",-1.1,-0.5,"A-","R +0.0","81%","18%",5.0,6.1,-0.9,-1.1,-1.0,-0.5,113,"R +0.0","R +0.0","R +1.4",4.8,0.23
"20", 88,"Emerson","120813","poll","2/14 - 2/16","","1000 RV","3.3","",Warren,Democrat,+6.0,,2019-02-16 18:22:24,"http://emersonpolling.com/2019/02/16/majority-of-americans-disagree-with-trumps-national-emergency-despite-a-plurality-agreeing-with-border-wall-extension/",2019-02-14,2019-02-16,"1","Warren","Democrat","+6.0","",53.0,47.0,"Emerson College","Emerson College",142,"yes","no","IVR/Online","no",-1.1,-0.5,"A-","R +0.0","81%","18%",5.0,6.1,-0.9,-1.1,-1.0,-0.5,113,"R +0.0","R +0.0","R +1.4",4.8,0.23
"21", 88,"Emerson","123367","poll","8/24 - 8/26","","1458 RV","2.5","",Tie,,,,2019-08-27 12:18:16,"https://emersonpolling.reportablenews.com/pr/august-national-poll-sanders-closing-gap-with-biden-mayor-pete-fades",2019-08-24,2019-08-26,"1","Tie","","","",50.0,50.0,"Emerson College","Emerson College",142,"yes","no","IVR/Online","no",-1.1,-0.5,"A-","R +0.0","81%","18%",5.0,6.1,-0.9,-1.1,-1.0,-0.5,113,"R +0.0","R +0.0","R +1.4",4.8,0.23
"22", 88,"Emerson","121171","poll","3/17 - 3/18","","1153 RV","2.8","",Warren,Democrat,+2.0,,2019-03-20 09:46:47,"http://emersonpolling.com/2019/03/19/national-poll-sanders-tied-with-biden-beto-gets-post-announcement-bump/",2019-03-17,2019-03-18,"1","Warren","Democrat","+2.0","",51.0,49.0,"Emerson College","Emerson College",142,"yes","no","IVR/Online","no",-1.1,-0.5,"A-","R +0.0","81%","18%",5.0,6.1,-0.9,-1.1,-1.0,-0.5,113,"R +0.0","R +0.0","R +1.4",4.8,0.23
"23", 88,"Emerson","121522","poll","4/11 - 4/14","","914 RV","3.2","",Trump,Republican,+4.0,,2019-04-15 08:09:45,"http://emersonpolling.com/2019/04/15/april-national-poll-bernie-takes-lead-for-democratic-nomination-mayor-pete-on-the-move/",2019-04-11,2019-04-14,"1","Trump","Republican","+4.0","",48.0,52.0,"Emerson College","Emerson College",142,"yes","no","IVR/Online","no",-1.1,-0.5,"A-","R +0.0","81%","18%",5.0,6.1,-0.9,-1.1,-1.0,-0.5,113,"R +0.0","R +0.0","R +1.4",4.8,0.23
"24",103,"FOX News","124707","poll","10/27 - 10/30","","1040 RV","3.0","",Warren,Democrat,+5.0,,2019-11-03 09:35:10,"https://www.foxnews.com/politics/fox-news-poll-biden-leads-nomination-race-tops-trump-by-12-points-in-matchup",2019-10-27,2019-10-30,"1","Warren","Democrat","+5.0","",46.0,41.0,"Fox News/Beacon Research/Shaw & Co. Research","Fox News/Beacon Research/Shaw & Co. Research", 40,"yes","yes","Live","no",-0.5,-0.5,"A-","D +1.5","71%","38%",5.6,5.7, 0.1,-0.5,-0.3,-0.5, 25,"D +2.7","D +1.5","D +1.0",4.9,0.00
"25",103,"FOX News","126172","poll","1/19 - 1/22","","1005 RV","3.0","",Warren,Democrat,+5.0,,2020-01-26 09:36:28,"https://www.foxnews.com/politics/fox-news-poll-record-economy-ratings-as-half-say-senate-should-remove-trump",2020-01-19,2020-01-22,"1","Warren","Democrat","+5.0","",47.0,42.0,"Fox News/Beacon Research/Shaw & Co. Research","Fox News/Beacon Research/Shaw & Co. Research", 40,"yes","yes","Live","no",-0.5,-0.5,"A-","D +1.5","71%","38%",5.6,5.7, 0.1,-0.5,-0.3,-0.5, 25,"D +2.7","D +1.5","D +1.0",4.9,0.00
"26",103,"FOX News","122946","poll","7/21 - 7/23","","1004 RV","3.0","",Trump,Republican,+1.0,,2019-07-25 18:04:17,"https://www.foxnews.com/politics/fox-news-poll-biden-holds-commanding-lead-for-democratic-nomination",2019-07-21,2019-07-23,"1","Trump","Republican","+1.0","",41.0,42.0,"Fox News/Beacon Research/Shaw & Co. Research","Fox News/Beacon Research/Shaw & Co. Research", 40,"yes","yes","Live","no",-0.5,-0.5,"A-","D +1.5","71%","38%",5.6,5.7, 0.1,-0.5,-0.3,-0.5, 25,"D +2.7","D +1.5","D +1.0",4.9,0.00
"27",103,"FOX News","123249","poll","8/11 - 8/13","","1013 RV","3.0","",Warren,Democrat,+7.0,,2019-08-15 18:13:15,"https://www.foxnews.com/politics/fox-news-poll-8-15",2019-08-11,2019-08-13,"1","Warren","Democrat","+7.0","",46.0,39.0,"Fox News/Beacon Research/Shaw & Co. Research","Fox News/Beacon Research/Shaw & Co. Research", 40,"yes","yes","Live","no",-0.5,-0.5,"A-","D +1.5","71%","38%",5.6,5.7, 0.1,-0.5,-0.3,-0.5, 25,"D +2.7","D +1.5","D +1.0",4.9,0.00
"28",103,"FOX News","121931","poll","5/11 - 5/14","","1001 RV","3.0","",Warren,Democrat,+2.0,,2019-05-16 18:10:48,"https://www.foxnews.com/politics/fox-news-poll-biden-up-by-double-digits-in-democratic-race",2019-05-11,2019-05-14,"1","Warren","Democrat","+2.0","",43.0,41.0,"Fox News/Beacon Research/Shaw & Co. Research","Fox News/Beacon Research/Shaw & Co. Research", 40,"yes","yes","Live","no",-0.5,-0.5,"A-","D +1.5","71%","38%",5.6,5.7, 0.1,-0.5,-0.3,-0.5, 25,"D +2.7","D +1.5","D +1.0",4.9,0.00
"29",103,"FOX News","125521","poll","12/8 - 12/11","","1000 RV","3.0","",Warren,Democrat,+1.0,,2019-12-15 10:44:52,"https://www.foxnews.com/politics/fox-news-poll-results-december-8-11-2019",2019-12-08,2019-12-11,"1","Warren","Democrat","+1.0","",46.0,45.0,"Fox News/Beacon Research/Shaw & Co. Research","Fox News/Beacon Research/Shaw & Co. Research", 40,"yes","yes","Live","no",-0.5,-0.5,"A-","D +1.5","71%","38%",5.6,5.7, 0.1,-0.5,-0.3,-0.5, 25,"D +2.7","D +1.5","D +1.0",4.9,0.00
"30",103,"FOX News","121239","poll","3/17 - 3/20","","1002 RV","3.0","",Trump,Republican,+2.0,,2019-03-24 10:54:43,"https://www.foxnews.com/politics/fox-news-poll-biden-sanders-top-democratic-preference",2019-03-17,2019-03-20,"1","Trump","Republican","+2.0","",40.0,42.0,"Fox News/Beacon Research/Shaw & Co. Research","Fox News/Beacon Research/Shaw & Co. Research", 40,"yes","yes","Live","no",-0.5,-0.5,"A-","D +1.5","71%","38%",5.6,5.7, 0.1,-0.5,-0.3,-0.5, 25,"D +2.7","D +1.5","D +1.0",4.9,0.00
"31",103,"FOX News","124243","poll","10/6 - 10/8","","1003 RV","3.0","",Warren,Democrat,+10.0,,2019-10-10 18:01:40,"https://www.scribd.com/document/429686638/Fox-News-Poll-October-6-8-2019",2019-10-06,2019-10-08,"1","Warren","Democrat","+10.0","",50.0,40.0,"Fox News/Beacon Research/Shaw & Co. Research","Fox News/Beacon Research/Shaw & Co. Research", 40,"yes","yes","Live","no",-0.5,-0.5,"A-","D +1.5","71%","38%",5.6,5.7, 0.1,-0.5,-0.3,-0.5, 25,"D +2.7","D +1.5","D +1.0",4.9,0.00
"32",103,"FOX News","123709","poll","9/15 - 9/17","","1008 RV","3.0","",Warren,Democrat,+6.0,,2019-09-18 18:18:10,"https://www.foxnews.com/politics/fox-news-poll-september-15-17-2019",2019-09-15,2019-09-17,"1","Warren","Democrat","+6.0","",46.0,40.0,"Fox News/Beacon Research/Shaw & Co. Research","Fox News/Beacon Research/Shaw & Co. Research", 40,"yes","yes","Live","no",-0.5,-0.5,"A-","D +1.5","71%","38%",5.6,5.7, 0.1,-0.5,-0.3,-0.5, 25,"D +2.7","D +1.5","D +1.0",4.9,0.00
"33",103,"FOX News","122353","poll","6/9 - 6/12","","1001 RV","3.0","",Warren,Democrat,+2.0,,2019-06-16 12:07:19,"https://www.foxnews.com/politics/fox-news-poll-6-16",2019-06-09,2019-06-12,"1","Warren","Democrat","+2.0","",43.0,41.0,"Fox News/Beacon Research/Shaw & Co. Research","Fox News/Beacon Research/Shaw & Co. Research", 40,"yes","yes","Live","no",-0.5,-0.5,"A-","D +1.5","71%","38%",5.6,5.7, 0.1,-0.5,-0.3,-0.5, 25,"D +2.7","D +1.5","D +1.0",4.9,0.00
"34",144,"IBD/TIPP","126295","poll","1/23 - 1/30","","856 RV","3.3","",Trump,Republican,+4.0,,2020-01-31 15:52:55,"https://www.investors.com/politics/trump-impeachment-trial-americans-oppose-removal-ibd-tipp/",2020-01-23,2020-01-30,"1","Trump","Republican","+4.0","",46.0,50.0,"IBD/TIPP","IBD/TIPP", 22,"yes","yes","Live","no",-2.0,-1.1,"A/B°","R +0.8","73%","5%",2.1,4.0,-1.7,-2.0,-0.9,-1.1, 22,"R +1.8","R +0.8","R +1.3",3.4,0.23
"35",144,"IBD/TIPP","124019","poll","9/26 - 10/3","","863 RV","3.5","",Warren,Democrat,+2.0,,2019-10-07 08:41:31,"https://www.investors.com/politics/americans-back-trump-impeachment-ukraine-scandal-biden-probe/",2019-09-26,2019-10-03,"1","Warren","Democrat","+2.0","",48.0,46.0,"IBD/TIPP","IBD/TIPP", 22,"yes","yes","Live","no",-2.0,-1.1,"A/B°","R +0.8","73%","5%",2.1,4.0,-1.7,-2.0,-0.9,-1.1, 22,"R +1.8","R +0.8","R +1.3",3.4,0.23
"36",144,"IBD/TIPP","124768","poll","10/24 - 10/31","","863 RV","3.5","",Warren,Democrat,+8.0,,2019-11-04 14:24:51,"https://www.investors.com/news/joe-biden-leads-elizabeth-warren-both-beat-trump-2020-election-ibd-tipp/",2019-10-24,2019-10-31,"1","Warren","Democrat","+8.0","",52.0,44.0,"IBD/TIPP","IBD/TIPP", 22,"yes","yes","Live","no",-2.0,-1.1,"A/B°","R +0.8","73%","5%",2.1,4.0,-1.7,-2.0,-0.9,-1.1, 22,"R +1.8","R +0.8","R +1.3",3.4,0.23
"37",144,"IBD/TIPP","125929","poll","1/3 - 1/11","","846 RV","3.3","",Trump,Republican,+1.0,,2020-01-13 22:31:14,"https://www.investors.com/politics/trump-impeachment-support-dips-americans-back-trump-on-iran-economy/",2020-01-03,2020-01-11,"1","Trump","Republican","+1.0","",46.0,47.0,"IBD/TIPP","IBD/TIPP", 22,"yes","yes","Live","no",-2.0,-1.1,"A/B°","R +0.8","73%","5%",2.1,4.0,-1.7,-2.0,-0.9,-1.1, 22,"R +1.8","R +0.8","R +1.3",3.4,0.23
"38",144,"IBD/TIPP","123439","poll","8/22 - 8/30","","848 RV","3.5","",Warren,Democrat,+3.0,,2019-09-03 14:39:51,"https://www.investors.com/news/elizabeth-warren-joe-biden-sanders-democratic-race-biden-vs-trump/",2019-08-22,2019-08-30,"1","Warren","Democrat","+3.0","",49.0,46.0,"IBD/TIPP","IBD/TIPP", 22,"yes","yes","Live","no",-2.0,-1.1,"A/B°","R +0.8","73%","5%",2.1,4.0,-1.7,-2.0,-0.9,-1.1, 22,"R +1.8","R +0.8","R +1.3",3.4,0.23
"39",144,"IBD/TIPP","125545","poll","12/5 - 12/14","","849 RV","3.5","",Trump,Republican,+4.0,,2019-12-16 14:20:35,"https://www.investors.com/news/joe-biden-leads-democrats-president-trump-tops-elizabeth-warren-bernie-sanders-ibd-tipp-poll/",2019-12-05,2019-12-14,"1","Trump","Republican","+4.0","",45.0,49.0,"IBD/TIPP","IBD/TIPP", 22,"yes","yes","Live","no",-2.0,-1.1,"A/B°","R +0.8","73%","5%",2.1,4.0,-1.7,-2.0,-0.9,-1.1, 22,"R +1.8","R +0.8","R +1.3",3.4,0.23
"40",144,"IBD/TIPP","123134","poll","7/25 - 8/1","","856 RV","3.5","",Warren,Democrat,+4.0,,2019-08-07 15:53:43,"https://www.investors.com/politics/joe-biden-has-big-lead-president-trump-job-approval-slides-ibd-tipp-poll/",2019-07-25,2019-08-01,"1","Warren","Democrat","+4.0","",49.0,45.0,"IBD/TIPP","IBD/TIPP", 22,"yes","yes","Live","no",-2.0,-1.1,"A/B°","R +0.8","73%","5%",2.1,4.0,-1.7,-2.0,-0.9,-1.1, 22,"R +1.8","R +0.8","R +1.3",3.4,0.23
"41",183,"NPR/PBS/Marist","126530","poll_rcp_avg","2/13 - 2/16","","1164 RV","3.7","",Warren,Democrat,+1.0,,2020-02-18 08:02:20,"http://maristpoll.marist.edu/wp-content/uploads/2020/02/UPDATED_Tuesday-Release_NPR_PBS-NewsHour_Marist-Poll_USA-NOS-and-Tables_2002171446.pdf",2020-02-13,2020-02-16,"1","Warren","Democrat","+1.0","",47.0,46.0,"Marist College","Marist College",172,"yes","yes","Live","no",-1.1,-1.0,"A+","R +0.2","84%","24%",5.2,6.3,-1.0,-1.1,-0.9,-1.0,111,"R +0.2","R +0.2","R +0.0",5.1,0.03
"42",218,"Politico/Morning Consult","123306","poll","8/16 - 8/18","","1998 RV","2.0","",Tie,,,,2019-08-21 10:31:26,"https://morningconsult.com/wp-content/uploads/2019/08/190845_crosstabs_POLITICO_RVs_v1_JB.pdf",2019-08-16,2019-08-18,"1","Tie","","","",35.0,35.0,"Morning Consult","Morning Consult", 12,"no","no","Online","no", 0.2, 1.0,"B/C°","D +0.2","75%","25%",3.0,3.5,-0.4, 0.2, 0.1, 1.0, 12,"D +0.6","D +0.2","R +0.6",3.6,0.00
"43",218,"Politico/Morning Consult","124618","poll","10/25 - 10/28","","1997 RV","2.0","",Trump,Republican,+1.0,,2019-10-30 09:05:05,"https://morningconsult.com/wp-content/uploads/2019/10/191058_crosstabs_POLITICO_RVs_v2_JB.pdf",2019-10-25,2019-10-28,"1","Trump","Republican","+1.0","",35.0,36.0,"Morning Consult","Morning Consult", 12,"no","no","Online","no", 0.2, 1.0,"B/C°","D +0.2","75%","25%",3.0,3.5,-0.4, 0.2, 0.1, 1.0, 12,"D +0.6","D +0.2","R +0.6",3.6,0.00
"44",218,"Politico/Morning Consult","122267","poll","6/7 - 6/9","","1991 RV","2.0","",Trump,Republican,+1.0,,2019-06-12 08:47:17,"https://morningconsult.com/wp-content/uploads/2019/06/190618_crosstabs_POLITICO_RVs_v1_cxy7nwRpto.pdf",2019-06-07,2019-06-09,"1","Trump","Republican","+1.0","",32.0,33.0,"Morning Consult","Morning Consult", 12,"no","no","Online","no", 0.2, 1.0,"B/C°","D +0.2","75%","25%",3.0,3.5,-0.4, 0.2, 0.1, 1.0, 12,"D +0.6","D +0.2","R +0.6",3.6,0.00
"45",221,"NBC News/Wall St. Jrnl","122748","poll","7/7 - 7/9","","800 RV","3.5","",Warren,Democrat,+5.0,,2019-07-14 10:11:57,"https://www.documentcloud.org/documents/6192907-NBCWSJ-July-Poll.html",2019-07-07,2019-07-09,"1","Warren","Democrat","+5.0","",48.0,43.0,"NBC News/Wall Street Journal","NBC News/Wall Street Journal", 29,"yes","yes","Live","no",-0.6,-0.4,"A/B°","D +0.8","74%","14%",4.0,5.0,-0.8,-0.6,-0.3,-0.4, 24,"D +1.7","D +0.8","D +1.3",2.9,0.53
"46",221,"NBC News/Wall St. Jrnl","126306","poll","1/26 - 1/29","","1000 RV","3.1","",Warren,Democrat,+3.0,,2020-02-02 10:57:36,"https://www.nbcnews.com/politics/meet-the-press/nbc-wsj-poll-country-remains-divided-over-trump-s-impeachment-n1128326",2020-01-26,2020-01-29,"1","Warren","Democrat","+3.0","",48.0,45.0,"NBC News/Wall Street Journal","NBC News/Wall Street Journal", 29,"yes","yes","Live","no",-0.6,-0.4,"A/B°","D +0.8","74%","14%",4.0,5.0,-0.8,-0.6,-0.3,-0.4, 24,"D +1.7","D +0.8","D +1.3",2.9,0.53
"47",221,"NBC News/Wall St. Jrnl","124726","poll","10/27 - 10/30","","720 RV","3.7","",Warren,Democrat,+8.0,,2019-11-03 10:09:45,"https://www.documentcloud.org/documents/6538104-19433-NBCWSJ-Late-October-Poll.html",2019-10-27,2019-10-30,"1","Warren","Democrat","+8.0","",50.0,42.0,"NBC News/Wall Street Journal","NBC News/Wall Street Journal", 29,"yes","yes","Live","no",-0.6,-0.4,"A/B°","D +0.8","74%","14%",4.0,5.0,-0.8,-0.6,-0.3,-0.4, 24,"D +1.7","D +0.8","D +1.3",2.9,0.53
"48",263,"PPP (D)","120483","poll","1/19 - 1/21","","760 RV","3.6","",Warren,Democrat,+6.0,,2019-01-23 07:52:19,"https://www.publicpolicypolling.com/wp-content/uploads/2019/01/PPP_Release_National_12219.pdf",2019-01-19,2019-01-21,"1","Warren","Democrat","+6.0","",48.0,42.0,"Public Policy Polling","Public Policy Polling",418,"no","no","IVR/Online/Text","no",-0.3, 0.2,"B","D +0.3","80%","31%",5.0,5.4,-0.2,-0.3,-0.3, 0.2,298,"D +0.3","D +0.3","D +0.9",4.6,0.00
"49",263,"PPP (D)","120407","poll","6/8 - 6/10","","679 RV","3.8","",Warren,Democrat,+8.0,,2019-01-10 10:55:54,"https://www.publicpolicypolling.com/wp-content/uploads/2018/06/PPP_Release_National_61318.pdf",2018-06-08,2018-06-10,"1","Warren","Democrat","+8.0","",48.0,40.0,"Public Policy Polling","Public Policy Polling",418,"no","no","IVR/Online/Text","no",-0.3, 0.2,"B","D +0.3","80%","31%",5.0,5.4,-0.2,-0.3,-0.3, 0.2,298,"D +0.3","D +0.3","D +0.9",4.6,0.00
"50",263,"PPP (D)","116872","poll","2/9 - 2/11","","687 RV","3.7","",Tie,,,,2018-02-14 10:47:13,"https://www.publicpolicypolling.com/wp-content/uploads/2018/02/PPP_Release_National_21418.pdf",2018-02-09,2018-02-11,"1","Tie","","","",44.0,44.0,"Public Policy Polling","Public Policy Polling",418,"no","no","IVR/Online/Text","no",-0.3, 0.2,"B","D +0.3","80%","31%",5.0,5.4,-0.2,-0.3,-0.3, 0.2,298,"D +0.3","D +0.3","D +0.9",4.6,0.00
"51",263,"PPP (D)","121358","poll","3/27 - 3/28","","846 RV","3.4","",Warren,Democrat,+6.0,,2019-04-01 13:32:46,"https://www.publicpolicypolling.com/wp-content/uploads/2019/04/PPP_Release_National_40119.pdf",2019-03-27,2019-03-28,"1","Warren","Democrat","+6.0","",48.0,42.0,"Public Policy Polling","Public Policy Polling",418,"no","no","IVR/Online/Text","no",-0.3, 0.2,"B","D +0.3","80%","31%",5.0,5.4,-0.2,-0.3,-0.3, 0.2,298,"D +0.3","D +0.3","D +0.9",4.6,0.00
"52",263,"PPP (D)","116012","poll","10/27 - 10/29","","572 RV","4.1","",Warren,Democrat,+10.0,,2017-10-31 11:36:06,"https://www.publicpolicypolling.com/wp-content/uploads/2017/10/PPP_Release_National_103117.pdf",2017-10-27,2017-10-29,"1","Warren","Democrat","+10.0","",50.0,40.0,"Public Policy Polling","Public Policy Polling",418,"no","no","IVR/Online/Text","no",-0.3, 0.2,"B","D +0.3","80%","31%",5.0,5.4,-0.2,-0.3,-0.3, 0.2,298,"D +0.3","D +0.3","D +0.9",4.6,0.00
"53",263,"PPP (D)","120401","poll","3/23 - 3/25","","846 RV","3.4","",Warren,Democrat,+11.0,,2019-01-10 10:51:12,"https://www.publicpolicypolling.com/wp-content/uploads/2018/03/PPP_Release_National_32718.pdf",2018-03-23,2018-03-25,"1","Warren","Democrat","+11.0","",51.0,40.0,"Public Policy Polling","Public Policy Polling",418,"no","no","IVR/Online/Text","no",-0.3, 0.2,"B","D +0.3","80%","31%",5.0,5.4,-0.2,-0.3,-0.3, 0.2,298,"D +0.3","D +0.3","D +0.9",4.6,0.00
"54",263,"PPP (D)","115672","poll","9/22 - 9/25","","865 RV","3.3","",Warren,Democrat,+6.0,,2017-09-28 14:21:29,"http://www.publicpolicypolling.com/pdf/2017/PPP_Release_National_92817.pdf",2017-09-22,2017-09-25,"1","Warren","Democrat","+6.0","",47.0,41.0,"Public Policy Polling","Public Policy Polling",418,"no","no","IVR/Online/Text","no",-0.3, 0.2,"B","D +0.3","80%","31%",5.0,5.4,-0.2,-0.3,-0.3, 0.2,298,"D +0.3","D +0.3","D +0.9",4.6,0.00
"55",263,"PPP (D)","116412","poll","12/11 - 12/12","","862 RV","3.3","",Warren,Democrat,+9.0,,2017-12-14 10:35:17,"https://www.publicpolicypolling.com/wp-content/uploads/2017/12/PPP_Release_National_121417.pdf",2017-12-11,2017-12-12,"1","Warren","Democrat","+9.0","",51.0,42.0,"Public Policy Polling","Public Policy Polling",418,"no","no","IVR/Online/Text","no",-0.3, 0.2,"B","D +0.3","80%","31%",5.0,5.4,-0.2,-0.3,-0.3, 0.2,298,"D +0.3","D +0.3","D +0.9",4.6,0.00
"56",263,"PPP (D)","115395","poll","7/14 - 7/17","","836 RV","3.4","",Warren,Democrat,+7.0,,2017-08-29 15:02:05,"http://www.publicpolicypolling.com/pdf/2017/PPP_Release_National_71817.pdf",2017-07-14,2017-07-17,"1","Warren","Democrat","+7.0","",49.0,42.0,"Public Policy Polling","Public Policy Polling",418,"no","no","IVR/Online/Text","no",-0.3, 0.2,"B","D +0.3","80%","31%",5.0,5.4,-0.2,-0.3,-0.3, 0.2,298,"D +0.3","D +0.3","D +0.9",4.6,0.00
"57",263,"PPP (D)","115389","poll","6/9 - 6/11","","811 RV","3.4","",Warren,Democrat,+3.0,,2017-08-29 14:51:26,"http://www.publicpolicypolling.com/pdf/2017/PPP_Release_National_61217.pdf",2017-06-09,2017-06-11,"1","Warren","Democrat","+3.0","",46.0,43.0,"Public Policy Polling","Public Policy Polling",418,"no","no","IVR/Online/Text","no",-0.3, 0.2,"B","D +0.3","80%","31%",5.0,5.4,-0.2,-0.3,-0.3, 0.2,298,"D +0.3","D +0.3","D +0.9",4.6,0.00
"58",263,"PPP (D)","115380","poll","5/12 - 5/14","","692 RV","3.7","",Warren,Democrat,+10.0,,2017-08-29 12:50:08,"http://www.publicpolicypolling.com/pdf/2017/PPP_Release_National_51617.pdf",2017-05-12,2017-05-14,"1","Warren","Democrat","+10.0","",49.0,39.0,"Public Policy Polling","Public Policy Polling",418,"no","no","IVR/Online/Text","no",-0.3, 0.2,"B","D +0.3","80%","31%",5.0,5.4,-0.2,-0.3,-0.3, 0.2,298,"D +0.3","D +0.3","D +0.9",4.6,0.00
"59",263,"PPP (D)","115409","poll","4/17 - 4/18","","648 RV","3.9","",Warren,Democrat,+4.0,,2017-08-29 15:49:04,"http://www.publicpolicypolling.com/pdf/2017/PPP_Release_National_42017.pdf",2017-04-17,2017-04-18,"1","Warren","Democrat","+4.0","",46.0,42.0,"Public Policy Polling","Public Policy Polling",418,"no","no","IVR/Online/Text","no",-0.3, 0.2,"B","D +0.3","80%","31%",5.0,5.4,-0.2,-0.3,-0.3, 0.2,298,"D +0.3","D +0.3","D +0.9",4.6,0.00
"60",263,"PPP (D)","115378","poll","3/27 - 3/28","","677 RV","3.8","",Warren,Democrat,+5.0,,2017-08-29 12:46:05,"http://www.publicpolicypolling.com/pdf/2017/PPP_Release_National_33017.pdf",2017-03-27,2017-03-28,"1","Warren","Democrat","+5.0","",48.0,43.0,"Public Policy Polling","Public Policy Polling",418,"no","no","IVR/Online/Text","no",-0.3, 0.2,"B","D +0.3","80%","31%",5.0,5.4,-0.2,-0.3,-0.3, 0.2,298,"D +0.3","D +0.3","D +0.9",4.6,0.00
"61",263,"PPP (D)","115401","poll","8/18 - 8/21","","887 RV","3.3","",Warren,Democrat,+5.0,,2017-08-29 15:21:25,"http://www.publicpolicypolling.com/pdf/2017/PPP_Release_National_82317.pdf",2017-08-18,2017-08-21,"1","Warren","Democrat","+5.0","",45.0,40.0,"Public Policy Polling","Public Policy Polling",418,"no","no","IVR/Online/Text","no",-0.3, 0.2,"B","D +0.3","80%","31%",5.0,5.4,-0.2,-0.3,-0.3, 0.2,298,"D +0.3","D +0.3","D +0.9",4.6,0.00
"62",267,"Quinnipiac","122259","poll","6/6 - 6/10","","1214 RV","3.5","",Warren,Democrat,+7.0,,2019-06-11 14:10:49,"https://poll.qu.edu/national/release-detail?ReleaseID=2627",2019-06-06,2019-06-10,"1","Warren","Democrat","+7.0","",49.0,42.0,"Quinnipiac University","Quinnipiac University",204,"yes","yes","Live","no",-0.1,-0.2,"B+","D +0.2","83%","25%",4.6,5.5,-0.7,-0.1,-0.1,-0.2,152,"D +0.2","D +0.2","D +0.5",5.2,0.00
"63",267,"Quinnipiac","126420","poll_rcp_avg","2/5 - 2/9","","1519 RV","2.5","",Warren,Democrat,+4.0,,2020-02-10 14:27:33,"https://poll.qu.edu/national/release-detail?ReleaseID=3655",2020-02-05,2020-02-09,"1","Warren","Democrat","+4.0","",48.0,44.0,"Quinnipiac University","Quinnipiac University",204,"yes","yes","Live","no",-0.1,-0.2,"B+","D +0.2","83%","25%",4.6,5.5,-0.7,-0.1,-0.1,-0.2,152,"D +0.2","D +0.2","D +0.5",5.2,0.00
"64",267,"Quinnipiac","123385","poll","8/21 - 8/26","","1422 RV","4.6","",Warren,Democrat,+12.0,,2019-08-28 08:19:24,"https://poll.qu.edu/national/release-detail?ReleaseID=3638",2019-08-21,2019-08-26,"1","Warren","Democrat","+12.0","",52.0,40.0,"Quinnipiac University","Quinnipiac University",204,"yes","yes","Live","no",-0.1,-0.2,"B+","D +0.2","83%","25%",4.6,5.5,-0.7,-0.1,-0.1,-0.2,152,"D +0.2","D +0.2","D +0.5",5.2,0.00
"65",267,"Quinnipiac","124057","poll","10/4 - 10/7","","1483 RV","3.1","",Warren,Democrat,+8.0,,2019-10-08 15:22:57,"https://poll.qu.edu/national/release-detail?ReleaseID=3643",2019-10-04,2019-10-07,"1","Warren","Democrat","+8.0","",49.0,41.0,"Quinnipiac University","Quinnipiac University",204,"yes","yes","Live","no",-0.1,-0.2,"B+","D +0.2","83%","25%",4.6,5.5,-0.7,-0.1,-0.1,-0.2,152,"D +0.2","D +0.2","D +0.5",5.2,0.00
"66",267,"Quinnipiac","125349","poll","12/4 - 12/9","","1553 RV","2.5","",Warren,Democrat,+7.0,,2019-12-10 15:26:07,"https://poll.qu.edu/national/release-detail?ReleaseID=3651",2019-12-04,2019-12-09,"1","Warren","Democrat","+7.0","",50.0,43.0,"Quinnipiac University","Quinnipiac University",204,"yes","yes","Live","no",-0.1,-0.2,"B+","D +0.2","83%","25%",4.6,5.5,-0.7,-0.1,-0.1,-0.2,152,"D +0.2","D +0.2","D +0.5",5.2,0.00
"67",277,"Rasmussen Reports","120408","poll","10/17 - 10/18","","1000 LV","3.0","",Warren,Democrat,+2.0,,2019-01-10 10:58:08,"http://www.rasmussenreports.com/public_content/politics/general_politics/october_2018/warren_vs_trump_and_the_winner_is",2018-10-17,2018-10-18,"1","Warren","Democrat","+2.0","",46.0,44.0,"Rasmussen Reports/Pulse Opinion Research","Rasmussen Reports/Pulse Opinion Research",716,"no","no","IVR/Online","no", 0.3, 0.8,"C+","R +1.5","78%","30%",5.3,5.5,-0.1, 0.3, 0.3, 0.8,576,"R +1.6","R +1.5","R +1.2",4.7,0.07
"68",277,"Rasmussen Reports","122065","poll","5/12 - 5/23","","5000 LV","1.5","",Warren,Democrat,+2.0,,2019-05-24 14:09:04,"http://www.rasmussenreports.com/public_content/politics/elections/election_2020/white_house_watch_may24",2019-05-12,2019-05-23,"1","Warren","Democrat","+2.0","",46.0,44.0,"Rasmussen Reports/Pulse Opinion Research","Rasmussen Reports/Pulse Opinion Research",716,"no","no","IVR/Online","no", 0.3, 0.8,"C+","R +1.5","78%","30%",5.3,5.5,-0.1, 0.3, 0.3, 0.8,576,"R +1.6","R +1.5","R +1.2",4.7,0.07
"69",323,"USA Today/Suffolk","125563","poll","12/10 - 12/14","","1000 RV","3.0","",Trump,Republican,+8.0,,2019-12-16 20:05:09,"https://www.usatoday.com/story/news/politics/elections/2019/12/16/trump-impeachment-2020-election-leads-democratic-rivals/2663659001/",2019-12-10,2019-12-14,"1","Trump","Republican","+8.0","",37.0,45.0,"Suffolk University","Suffolk University", 79,"no","yes","Live","no",-0.8,-0.4,"A-","D +0.5","80%","24%",4.9,6.5,-1.5,-0.8,-0.6,-0.4, 49,"D +0.8","D +0.5","D +1.8",5.8,0.00
"70",325,"SurveyUSA","123172","poll","8/1 - 8/5","","5459 RV","1.6","",Warren,Democrat,+2.0,,2019-08-09 18:22:57,"http://www.surveyusa.com/client/PollReport.aspx?g=e05bf5ae-982d-4f96-b0ae-671cdfe56aab",2019-08-01,2019-08-05,"1","Warren","Democrat","+2.0","",46.0,44.0,"SurveyUSA","SurveyUSA",790,"yes","partial","IVR/Online/Live","no",-1.1,-0.8,"A","D +0.1","90%","19%",4.6,5.9,-1.1,-1.1,-1.0,-0.8,628,"D +0.1","D +0.1","R +0.3",5.0,0.12
"71",325,"SurveyUSA","124537","poll","10/15 - 10/16","","3080 RV","2.1","",Warren,Democrat,+4.0,,2019-10-26 00:36:44,"http://www.surveyusa.com/client/PollReport.aspx?g=be45282e-0f2b-4aea-9431-c8dd46a3082f",2019-10-15,2019-10-16,"1","Warren","Democrat","+4.0","",48.0,44.0,"SurveyUSA","SurveyUSA",790,"yes","partial","IVR/Online/Live","no",-1.1,-0.8,"A","D +0.1","90%","19%",4.6,5.9,-1.1,-1.1,-1.0,-0.8,628,"D +0.1","D +0.1","R +0.3",5.0,0.12
"72",325,"SurveyUSA","125258","poll","11/20 - 11/21","","3850 RV","1.7","",Warren,Democrat,+7.0,,2019-11-27 16:52:49,"http://www.surveyusa.com/client/PollReport.aspx?g=5128ee79-1b59-4146-bf80-54906bb24d4b",2019-11-20,2019-11-21,"1","Warren","Democrat","+7.0","",49.0,42.0,"SurveyUSA","SurveyUSA",790,"yes","partial","IVR/Online/Live","no",-1.1,-0.8,"A","D +0.1","90%","19%",4.6,5.9,-1.1,-1.1,-1.0,-0.8,628,"D +0.1","D +0.1","R +0.3",5.0,0.12
"73",325,"SurveyUSA","123715","poll","9/13 - 9/16","","4520 RV","1.6","",Warren,Democrat,+2.0,,2019-09-19 08:53:59,"http://www.surveyusa.com/client/PollReport.aspx?g=6189a2c3-4801-46e4-898a-f512d9ed5d17",2019-09-13,2019-09-16,"1","Warren","Democrat","+2.0","",45.0,43.0,"SurveyUSA","SurveyUSA",790,"yes","partial","IVR/Online/Live","no",-1.1,-0.8,"A","D +0.1","90%","19%",4.6,5.9,-1.1,-1.1,-1.0,-0.8,628,"D +0.1","D +0.1","R +0.3",5.0,0.12
"74",343,"LA Times/USC","126285","poll","1/15 - 1/28","","4869 RV","2.0","",Warren,Democrat,+4.0,,2020-01-31 08:43:35,"https://www.latimes.com/politics/story/2020-01-31/joe-biden-holds-lead-in-national-poll-is-it-a-firewall-against-iowa-new-hampshire-losses",2020-01-15,2020-01-28,"1","Warren","Democrat","+4.0","",45.0,41.0,"USC Dornsife/LA Times","USC Dornsife/LA Times",  6,"yes","no","Online","no", 3.5, 1.2,"B/C°","D +0.3","67%","83%",5.3,3.1, 2.3, 3.5, 0.8, 1.2,  6,"D +1.2","D +0.3","D +1.1",9.0,0.00
"75",NA,"CBS News/YouGov","126668","poll_rcp_avg","2/20 - 2/22","","10000 RV","1.2","",Warren,Democrat,+1.0,,2020-02-23 11:26:09,"https://drive.google.com/file/d/1OpQxzzYY4MXgQMfo2j_XicB_tEUtt7eI/view",2020-02-20,2020-02-22,"1","Warren","Democrat","+1.0","",46.0,45.0,NA,NA,NA,NA,NA,NA,NA,NA,NA,NA,NA,NA,NA,NA,NA,NA,NA,NA,NA,NA,NA,NA,NA,NA,NA
"76",NA,"rcp_average","6251","rcp_average","2/5 - 2/22","","","","",Warren,Democrat,+1.8,,NA,NA,NA,NA,NA,"Warren","Democrat","+1.8","",47.3,45.5,NA,NA,NA,NA,NA,NA,NA,NA,NA,NA,NA,NA,NA,NA,NA,NA,NA,NA,NA,NA,NA,NA,NA,NA,NA
