"","id","type","pollster","date","confidenceInterval","sampleSize","marginError","partisan","spread.name","spread.affiliation","spread.value","spread.color","updated","link","data_start_date","data_end_date","pollster_type","name","affiliation","value","color","Sanders","Biden","Bloomberg","Warren","Buttigieg","Klobuchar","Steyer","Gabbard","Harris","O'Rourke","Yang","Booker","Bennet","Patrick","Delaney","Castro","Williamson","Bullock","Sestak","Messam","Ryan","de Blasio","Gillibrand","Inslee","Hickenlooper","Moulton","Swalwell","Gravel","Brown","Holder","Clinton","McAuliffe"
"1","6730","rcp_average","rcp_average","2/13 - 2/22","","","","",Sanders,,+12.1,#457fff,NA,NA,NA,NA,NA,"Sanders","","+12.1","#457fff",29.3,17.2,15.3,13.2, 9.8,6.3,2.2,1.4,29.3,17.2,15.3,13.2,9.8,6.3,2.2,1.4,29.3,17.2,15.3,13.2,9.8,6.3,2.2,1.4,29.3,17.2,15.3,13.2,9.8,6.3, 2.2,1.4
"2","126662","poll_rcp_avg","CBS News/YouGov","2/20 - 2/22","","6498 LV","","",Sanders,,+9.0,#457fff,2020-02-23 11:16:53,"https://drive.google.com/file/d/1OpQxzzYY4MXgQMfo2j_XicB_tEUtt7eI/view",2020-02-20,2020-02-22,"1","Sanders","","+9.0","#457fff",28.0,17.0,13.0,19.0,10.0,5.0,2.0,1.0,NA,NA,NA,NA,NA,NA,NA,NA,NA,NA,NA,NA,NA,NA,NA,NA,NA,NA,NA,NA,NA,NA,NA,NA
"3","126562","poll_rcp_avg","ABC News/Wash Post","2/14 - 2/17","","408 RV","","",Sanders,,+16.0,#457fff,2020-02-19 08:12:26,"https://www.langerresearch.com/wp-content/uploads/1211a12020Politics.pdf",2020-02-14,2020-02-17,"1","Sanders","","+16.0","#457fff",32.0,16.0,14.0,12.0, 8.0,7.0,2.0,1.0,NA,NA,NA,NA,NA,NA,NA,NA,NA,NA,NA,NA,NA,NA,NA,NA,NA,NA,NA,NA,NA,NA,NA,NA
"4","126553","poll_rcp_avg","Emerson","2/16 - 2/18","","573 LV","","",Sanders,,+7.0,#457fff,2020-02-18 21:46:51,"https://emersonpolling.reportablenews.com/pr/february-national-poll-sanders-takes-the-lead-for-democratic-nomination-bloomberg-on-the-rise",2020-02-16,2020-02-18,"1","Sanders","","+7.0","#457fff",29.0,22.0,14.0,12.0, 8.0,6.0,3.0,4.0,NA,NA,NA,NA,NA,NA,NA,NA,NA,NA,NA,NA,NA,NA,NA,NA,NA,NA,NA,NA,NA,NA,NA,NA
"5","126575","poll","Economist/YouGov","2/16 - 2/18","","555 LV","","",Sanders,,+6.0,#457fff,2020-02-19 09:49:25,"https://d25d2506sfb94s.cloudfront.net/cumulus_uploads/document/m3wzkd0n59/econTabReport.pdf",2020-02-16,2020-02-18,"1","Sanders","","+6.0","#457fff",24.0,18.0,12.0,16.0,11.0,7.0,2.0,2.0,NA,NA,NA,NA,NA,NA,NA,NA,NA,NA,NA,NA,NA,NA,NA,NA,NA,NA,NA,NA,NA,NA,NA,NA
"6","126542","poll_rcp_avg","NBC News/Wall St. Jrnl","2/14 - 2/17","","426 LV","","",Sanders,,+12.0,#457fff,2020-02-18 17:18:36,"https://www.documentcloud.org/documents/6779408-200085-NBCWSJ-February-Poll.html",2020-02-14,2020-02-17,"1","Sanders","","+12.0","#457fff",27.0,15.0,14.0,14.0,13.0,7.0,2.0,1.0,NA,NA,NA,NA,NA,NA,NA,NA,NA,NA,NA,NA,NA,NA,NA,NA,NA,NA,NA,NA,NA,NA,NA,NA
"7","126550","poll_rcp_avg","SurveyUSA","2/13 - 2/17","","1022 LV","","",Sanders,,+11.0,#457fff,2020-02-18 17:34:25,"http://www.surveyusa.com/client/PollReport.aspx?g=e7feecd9-5374-42de-bfff-d16dba2dae6a",2020-02-13,2020-02-17,"1","Sanders","","+11.0","#457fff",29.0,18.0,18.0,10.0,12.0,4.0,2.0,NA,NA,NA,NA,NA,NA,NA,NA,NA,NA,NA,NA,NA,NA,NA,NA,NA,NA,NA,NA,NA,NA,NA,NA,NA
"8","126522","poll_rcp_avg","NPR/PBS/Marist","2/13 - 2/16","","527 RV","","",Sanders,,+12.0,#457fff,2020-02-18 06:58:22,"http://maristpoll.marist.edu/wp-content/uploads/2020/02/UPDATED_Tuesday-Release_NPR_PBS-NewsHour_Marist-Poll_USA-NOS-and-Tables_2002171446.pdf",2020-02-13,2020-02-16,"1","Sanders","","+12.0","#457fff",31.0,15.0,19.0,12.0, 8.0,9.0,2.0,0.0,NA,NA,NA,NA,NA,NA,NA,NA,NA,NA,NA,NA,NA,NA,NA,NA,NA,NA,NA,NA,NA,NA,NA,NA
"9","126577","poll","The Hill/HarrisX","2/14 - 2/15","","449 RV","","",Sanders,,+3.0,#457fff,2020-02-19 13:36:55,"https://www.youtube.com/watch?v=pXGbc6ZmQvw",2020-02-14,2020-02-15,"1","Sanders","","+3.0","#457fff",22.0,19.0,18.0,12.0,10.0,5.0,3.0,0.0,NA,NA,NA,NA,NA,NA,NA,NA,NA,NA,NA,NA,NA,NA,NA,NA,NA,NA,NA,NA,NA,NA,NA,NA
"10","126571","poll","Morning Consult","2/12 - 2/17","","15974 RV","","",Sanders,,+8.0,#457fff,2020-02-19 08:48:05,"https://morningconsult.com/2020-democratic-primary/",2020-02-12,2020-02-17,"1","Sanders","","+8.0","#457fff",28.0,19.0,20.0,10.0,12.0,6.0,3.0,2.0,NA,NA,NA,NA,NA,NA,NA,NA,NA,NA,NA,NA,NA,NA,NA,NA,NA,NA,NA,NA,NA,NA,NA,NA
"11","126450","poll","Economist/YouGov","2/9 - 2/11","","552 LV","","",Sanders,,+4.0,#457fff,2020-02-12 08:45:47,"https://d25d2506sfb94s.cloudfront.net/cumulus_uploads/document/79zfxkws33/econTabReport.pdf",2020-02-09,2020-02-11,"1","Sanders","","+4.0","#457fff",22.0,18.0,12.0,15.0,10.0,7.0,1.0,4.0,NA,NA, 2.0,NA,0.0,0.0,NA,NA,NA,NA,NA,NA,NA,NA,NA,NA,NA,NA,NA,NA,NA,NA,NA,NA
"12","126448","poll","The Hill/HarrisX","2/7 - 2/10","","913 RV","","",Biden,,+3.0,#009900,2020-02-11 21:29:10,"https://projects.fivethirtyeight.com/polls/president-primary-d/",2020-02-07,2020-02-10,"1","Biden","","+3.0","#009900",20.0,23.0,16.0, 9.0, 9.0,3.0,3.0,1.0,NA,NA, 3.0,NA,1.0,1.0,NA,NA,NA,NA,NA,NA,NA,NA,NA,NA,NA,NA,NA,NA,NA,NA,NA,NA
"13","126444","poll","Monmouth","2/6 - 2/9","","357 RV","5.2","",Sanders,,+10.0,#457fff,2020-02-11 09:52:30,"https://www.monmouth.edu/polling-institute/reports/monmouthpoll_US_021120/",2020-02-06,2020-02-09,"1","Sanders","","+10.0","#457fff",26.0,16.0,11.0,13.0,13.0,6.0,1.0,1.0,NA,NA, 4.0,NA,0.0,0.0,NA,NA,NA,NA,NA,NA,NA,NA,NA,NA,NA,NA,NA,NA,NA,NA,NA,NA
"14","126416","poll","Quinnipiac","2/5 - 2/9","","665 RV","3.8","",Sanders,,+8.0,#457fff,2020-02-10 14:06:48,"https://poll.qu.edu/national/release-detail?ReleaseID=3655",2020-02-05,2020-02-09,"1","Sanders","","+8.0","#457fff",25.0,17.0,15.0,14.0,10.0,4.0,1.0,1.0,NA,NA, 2.0,NA,0.0,0.0,NA,NA,NA,NA,NA,NA,NA,NA,NA,NA,NA,NA,NA,NA,NA,NA,NA,NA
"15","126443","poll","Politico/Morning Consult","2/4 - 2/9","","15346 RV","","",Sanders,,+3.0,#457fff,2020-02-19 08:51:09,"https://morningconsult.com/2020-democratic-primary/",2020-02-04,2020-02-09,"1","Sanders","","+3.0","#457fff",25.0,22.0,17.0,11.0,11.0,3.0,3.0,1.0,NA,NA, 4.0,NA,1.0,0.0,NA,NA,NA,NA,NA,NA,NA,NA,NA,NA,NA,NA,NA,NA,NA,NA,NA,NA
"16","126334","poll","Economist/YouGov","2/2 - 2/4","","616 RV","","",Biden,,+5.0,#009900,2020-02-05 10:00:38,"https://d25d2506sfb94s.cloudfront.net/cumulus_uploads/document/73jqd6u5mv/econTabReport.pdf",2020-02-02,2020-02-04,"1","Biden","","+5.0","#009900",19.0,24.0, 9.0,18.0, 9.0,6.0,2.0,3.0,NA,NA, 3.0,NA,1.0,0.0,NA,NA,NA,NA,NA,NA,NA,NA,NA,NA,NA,NA,NA,NA,NA,NA,NA,NA
"17","126315","poll","Politico/Morning Consult","1/27 - 2/2","","15259 RV","","",Biden,,+4.0,#009900,2020-02-19 08:51:45,"https://morningconsult.com/2020-democratic-primary/",2020-01-27,2020-02-02,"1","Biden","","+4.0","#009900",24.0,28.0,14.0,14.0, 6.0,3.0,3.0,2.0,NA,NA, 4.0,NA,1.0,1.0,NA,NA,NA,NA,NA,NA,NA,NA,NA,NA,NA,NA,NA,NA,NA,NA,NA,NA
"18","126322","poll","Harvard-Harris","1/27 - 1/29","","980 RV","","",Biden,,+11.0,#009900,2020-02-05 11:07:44,"https://thehill.com/homenews/campaign/481245-trump-trails-democrats-but-approval-near-highs",2020-01-27,2020-01-29,"1","Biden","","+11.0","#009900",20.0,31.0,13.0,12.0, 6.0,3.0,2.0,1.0,NA,NA, 3.0,NA,NA,NA,0.0,NA,NA,NA,NA,NA,NA,NA,NA,NA,NA,NA,NA,NA,NA,NA,NA,NA
"19","126277","poll","NBC News/Wall St. Jrnl","1/26 - 1/29","","428 LV","","",Sanders,,+1.0,#457fff,2020-01-31 08:26:50,"https://www.nbcnews.com/politics/2020-election/sanders-biden-are-neck-neck-new-nbc-wsj-national-poll-n1127051",2020-01-26,2020-01-29,"1","Sanders","","+1.0","#457fff",27.0,26.0, 9.0,15.0, 7.0,5.0,2.0,2.0,NA,NA, 4.0,NA,0.0,1.0,0.0,NA,NA,NA,NA,NA,NA,NA,NA,NA,NA,NA,NA,NA,NA,NA,NA,NA
"20","126226","poll","Economist/YouGov","1/26 - 1/28","","591 RV","","",Biden,,+2.0,#009900,2020-01-29 09:49:25,"https://d25d2506sfb94s.cloudfront.net/cumulus_uploads/document/3ormein07a/econTabReport.pdf",2020-01-26,2020-01-28,"1","Biden","","+2.0","#009900",24.0,26.0, 4.0,20.0, 7.0,4.0,1.0,3.0,NA,NA, 4.0,NA,0.0,1.0,0.0,NA,NA,NA,NA,NA,NA,NA,NA,NA,NA,NA,NA,NA,NA,NA,NA,NA
"21","126289","poll","IBD/TIPP","1/23 - 1/30","","336 RV","","",Biden,,+7.0,#009900,2020-01-31 15:39:38,"https://www.investors.com/politics/trump-impeachment-trial-americans-oppose-removal-ibd-tipp/",2020-01-23,2020-01-30,"1","Biden","","+7.0","#009900",19.0,26.0, 8.0,13.0, 7.0,3.0,2.0,1.0,NA,NA, 4.0,NA,1.0,0.0,0.0,NA,NA,NA,NA,NA,NA,NA,NA,NA,NA,NA,NA,NA,NA,NA,NA,NA
"22","126202","poll","Quinnipiac","1/22 - 1/27","","827 RV","3.4","",Biden,,+5.0,#009900,2020-01-28 15:20:21,"https://poll.qu.edu/national/release-detail?ReleaseID=3654",2020-01-22,2020-01-27,"1","Biden","","+5.0","#009900",21.0,26.0, 8.0,15.0, 6.0,7.0,2.0,1.0,NA,NA, 3.0,NA,0.0,0.0,0.0,NA,NA,NA,NA,NA,NA,NA,NA,NA,NA,NA,NA,NA,NA,NA,NA,NA
"23","126195","poll","Politico/Morning Consult","1/20 - 1/26","","17836 RV","","",Biden,,+6.0,#009900,2020-02-19 08:52:21,"https://morningconsult.com/2020-democratic-primary/",2020-01-20,2020-01-26,"1","Biden","","+6.0","#009900",23.0,29.0,12.0,14.0, 7.0,3.0,3.0,1.0,NA,NA, 5.0,NA,1.0,0.0,1.0,NA,NA,NA,NA,NA,NA,NA,NA,NA,NA,NA,NA,NA,NA,NA,NA,NA
"24","126131","poll","Emerson","1/21 - 1/23","","497 LV","","",Biden,,+3.0,#009900,2020-01-23 22:38:21,"https://emersonpolling.reportablenews.com/pr/national-2020-biden-and-sanders-battle-in-two-way-race-for-democratic-nomination",2020-01-21,2020-01-23,"1","Biden","","+3.0","#009900",27.0,30.0, 7.0,13.0, 6.0,4.0,1.0,1.0,NA,NA, 8.0,NA,1.0,0.0,1.0,NA,NA,NA,NA,NA,NA,NA,NA,NA,NA,NA,NA,NA,NA,NA,NA,NA
"25","126276","poll","LA Times/USC","1/15 - 1/28","","2227 LV","","",Biden,,+16.0,#009900,2020-01-31 11:17:27,"https://www.latimes.com/politics/story/2020-01-31/joe-biden-holds-lead-in-national-poll-is-it-a-firewall-against-iowa-new-hampshire-losses",2020-01-15,2020-01-28,"1","Biden","","+16.0","#009900",18.0,34.0, 9.0,16.0, 9.0,3.0,2.0,1.0,NA,NA, 2.0,NA,NA,NA,NA,NA,NA,NA,NA,NA,NA,NA,NA,NA,NA,NA,NA,NA,NA,NA,NA,NA
"26","126155","poll","ABC News/Wash Post","1/20 - 1/23",""," LV","","",Biden,,+12.0,#009900,2020-01-26 00:33:16,"https://abcnews.go.com/Politics/biden-holds-steady-warren-slips-iowa-caucuses-approach/story?id=68518223&amp;mc_cid=7672179d16&amp;mc_eid=9430bf74bd",2020-01-20,2020-01-23,"1","Biden","","+12.0","#009900",22.0,34.0, 7.0,14.0, 4.0,4.0,1.0,0.0,NA,NA, 6.0,NA,2.0,1.0,0.0,NA,NA,NA,NA,NA,NA,NA,NA,NA,NA,NA,NA,NA,NA,NA,NA,NA
"27","126266","poll","The Hill/HarrisX","1/20 - 1/22","","878 RV","3.3","",Biden,,+12.0,#009900,2020-01-30 14:33:19,"https://www.youtube.com/watch?v=h2qaPsHVvU8",2020-01-20,2020-01-22,"1","Biden","","+12.0","#009900",17.0,29.0,11.0, 9.0, 5.0,2.0,4.0,2.0,NA,NA, 4.0,NA,NA,1.0,1.0,NA,NA,NA,NA,NA,NA,NA,NA,NA,NA,NA,NA,NA,NA,NA,NA,NA
"28","126157","poll","FOX News","1/19 - 1/22","","495 LV","","",Biden,,+3.0,#009900,2020-01-26 09:19:44,"https://www.foxnews.com/politics/fox-news-poll-record-economy-ratings-as-half-say-senate-should-remove-trump",2020-01-19,2020-01-22,"1","Biden","","+3.0","#009900",23.0,26.0,10.0,14.0, 7.0,3.0,3.0,0.0,NA,NA, 5.0,NA,0.0,1.0,0.0,NA,NA,NA,NA,NA,NA,NA,NA,NA,NA,NA,NA,NA,NA,NA,NA,NA
"29","126077","poll","Economist/YouGov","1/19 - 1/21","","470 LV","","",Biden,,+7.0,#009900,2020-01-22 09:42:23,"https://d25d2506sfb94s.cloudfront.net/cumulus_uploads/document/alq58zq5zt/econTabReport.pdf",2020-01-19,2020-01-21,"1","Biden","","+7.0","#009900",18.0,28.0, 6.0,21.0, 8.0,4.0,2.0,3.0,NA,NA, 3.0,NA,0.0,0.0,0.0,NA,NA,NA,NA,NA,NA,NA,NA,NA,NA,NA,NA,NA,NA,NA,NA,NA
"30","126076","poll","Monmouth","1/16 - 1/20","","372 RV","5.1","",Biden,,+7.0,#009900,2020-01-22 09:11:21,"https://www.monmouth.edu/polling-institute/reports/monmouthpoll_US_012220/",2020-01-16,2020-01-20,"1","Biden","","+7.0","#009900",23.0,30.0, 9.0,14.0, 6.0,5.0,1.0,1.0,NA,NA, 3.0,NA,1.0,0.0,0.0,NA,NA,NA,NA,NA,NA,NA,NA,NA,NA,NA,NA,NA,NA,NA,NA,NA
"31","126054","poll","CNN","1/16 - 1/19","","500 RV","","",Sanders,,+3.0,#457fff,2020-01-22 08:35:20,"https://cdn.cnn.com/cnn/2020/images/01/22/rel1b.-.2020.pdf",2020-01-16,2020-01-19,"1","Sanders","","+3.0","#457fff",27.0,24.0, 5.0,14.0,11.0,4.0,2.0,0.0,NA,NA, 4.0,NA,0.0,0.0,0.0,NA,NA,NA,NA,NA,NA,NA,NA,NA,NA,NA,NA,NA,NA,NA,NA,NA
"32","126055","poll","Politico/Morning Consult","1/15 - 1/19","","12402 LV","","",Biden,,+5.0,#009900,2020-02-19 08:52:58,"https://morningconsult.com/2020-democratic-primary/",2020-01-15,2020-01-19,"1","Biden","","+5.0","#009900",24.0,29.0,10.0,15.0, 8.0,3.0,3.0,2.0,NA,NA, 4.0,NA,1.0,0.0,1.0,NA,NA,NA,NA,NA,NA,NA,NA,NA,NA,NA,NA,NA,NA,NA,NA,NA
"33","126020","poll","SurveyUSA","1/14 - 1/16","","1086 LV","3.6","",Biden,,+11.0,#009900,2020-01-17 23:08:44,"http://www.surveyusa.com/client/PollReport.aspx?g=b4747822-277e-4d2c-b896-eb4e04672c09",2020-01-14,2020-01-16,"1","Biden","","+11.0","#009900",21.0,32.0, 9.0,14.0, 9.0,2.0,3.0,2.0,NA,NA, 4.0,NA,NA,NA,NA,NA,NA,NA,NA,NA,NA,NA,NA,NA,NA,NA,NA,NA,NA,NA,NA,NA
"34","125942","poll","The Hill/HarrisX","1/13 - 1/14","","451 RV","4.6","",Biden,,+10.0,#009900,2020-01-20 11:57:35,"https://thehill.com/hilltv/rising/478208-sanders-hits-highest-support-since-august",2020-01-13,2020-01-14,"1","Biden","","+10.0","#009900",19.0,29.0, 7.0,11.0, 4.0,3.0,3.0,1.0,NA,NA, 2.0,NA,2.0,0.0,1.0,NA,NA,NA,NA,NA,NA,NA,NA,NA,NA,NA,NA,NA,NA,NA,NA,NA
"35","125964","poll","Economist/YouGov","1/11 - 1/14","","521 RV","","",Biden,,+7.0,#009900,2020-01-15 10:05:45,"https://d25d2506sfb94s.cloudfront.net/cumulus_uploads/document/ueji3eha6i/econTabReport.pdf",2020-01-11,2020-01-14,"1","Biden","","+7.0","#009900",20.0,27.0, 5.0,19.0, 7.0,3.0,1.0,2.0,NA,NA, 3.0, 2.0,0.0,0.0,0.0,NA,NA,NA,NA,NA,NA,NA,NA,NA,NA,NA,NA,NA,NA,NA,NA,NA
"36","125917","poll","Quinnipiac","1/8 - 1/12","","651 RV","3.8","",Biden,,+6.0,#009900,2020-01-13 15:06:37,"https://poll.qu.edu/national/release-detail?ReleaseID=3653",2020-01-08,2020-01-12,"1","Biden","","+6.0","#009900",19.0,25.0, 6.0,16.0, 8.0,4.0,1.0,1.0,NA,NA, 5.0, 1.0,1.0,1.0,0.0,NA,NA,NA,NA,NA,NA,NA,NA,NA,NA,NA,NA,NA,NA,NA,NA,NA
"37","125937","poll","Politico/Morning Consult","1/6 - 1/12","","17096 RV","","",Biden,,+6.0,#009900,2020-02-03 14:58:46,"https://morningconsult.com/2020-democratic-primary/",2020-01-06,2020-01-12,"1","Biden","","+6.0","#009900",23.0,29.0, 8.0,14.0, 8.0,3.0,4.0,2.0,NA,NA, 5.0, 2.0,1.0,0.0,1.0,NA,NA,NA,NA,NA,NA,NA,NA,NA,NA,NA,NA,NA,NA,NA,NA,NA
"38","125935","poll","IBD/TIPP","1/3 - 1/11","","333 RV","","",Biden,,+6.0,#009900,2020-01-14 10:20:23,"https://www.investors.com/politics/joe-biden-leads-democratic-race-loses-electability-edge-vs-president-trump-ibd-tipp-poll/",2020-01-03,2020-01-11,"1","Biden","","+6.0","#009900",15.0,26.0, 7.0,20.0, 9.0,3.0,2.0,1.0,NA,NA, 3.0, 0.0,0.0,0.0,1.0,NA, 1.0,NA,NA,NA,NA,NA,NA,NA,NA,NA,NA,NA,NA,NA,NA,NA
"39","125814","poll","Economist/YouGov","1/5 - 1/7","","574 RV","","",Biden,,+5.0,#009900,2020-01-08 10:59:52,"https://d25d2506sfb94s.cloudfront.net/cumulus_uploads/document/6s5t9qkjll/econTabReport.pdf",2020-01-05,2020-01-07,"1","Biden","","+5.0","#009900",20.0,27.0, 3.0,22.0, 7.0,3.0,2.0,3.0,NA,NA, 3.0, 1.0,0.0,0.0,0.0,NA, 0.0,NA,NA,NA,NA,NA,NA,NA,NA,NA,NA,NA,NA,NA,NA,NA
"40","125796","poll","Politico/Morning Consult","12/30 - 1/5","","17213 RV","","",Biden,,+8.0,#009900,2020-02-19 08:53:43,"https://morningconsult.com/2020-democratic-primary/",2019-12-30,2020-01-05,"1","Biden","","+8.0","#009900",23.0,31.0, 7.0,14.0, 8.0,3.0,4.0,2.0,NA,NA, 4.0, 2.0,1.0,0.0,1.0,NA, 1.0,NA,NA,NA,NA,NA,NA,NA,NA,NA,NA,NA,NA,NA,NA,NA
"41","125769","poll","Harvard-Harris","12/27 - 12/29","","756 RV","","",Biden,,+13.0,#009900,2020-01-04 11:06:12,"https://harvardharrispoll.com/wp-content/uploads/2020/01/HHP_December2019_RegisteredVoters_Topline.pdf",2019-12-27,2019-12-29,"1","Biden","","+13.0","#009900",17.0,30.0, 7.0,12.0, 7.0,2.0,2.0,1.0,NA,NA, 3.0, 2.0,NA,NA,1.0,1.0, 0.0,NA,NA, 1.0,NA,NA,1.0,NA,NA,NA,NA,NA,NA,NA,NA,NA
"42","125744","poll","Economist/YouGov","12/28 - 12/31","","548 RV","","",Biden,,+10.0,#009900,2020-01-08 11:17:01,"https://d25d2506sfb94s.cloudfront.net/cumulus_uploads/document/2r6hyqtv9p/econTabReport.pdf",2019-12-28,2019-12-31,"1","Biden","","+10.0","#009900",19.0,29.0, 3.0,18.0, 8.0,4.0,2.0,3.0,NA,NA, 3.0, 2.0,0.0,0.0,0.0,1.0, 0.0,NA,NA,NA,NA,NA,NA,NA,NA,NA,NA,NA,NA,NA,NA,NA
"43","125767","poll","The Hill/HarrisX","12/27 - 12/28","","431 RV","4.7","",Biden,,+12.0,#009900,2020-01-05 00:35:47,"https://thehill.com/hilltv/rising/476689-bloomberg-rises-to-third-place-alongside-warren-in-national-poll",2019-12-27,2019-12-28,"1","Biden","","+12.0","#009900",16.0,28.0,11.0,11.0, 6.0,2.0,2.0,2.0,NA,NA, 2.0, 2.0,0.0,0.0,2.0,2.0, 1.0,NA,NA,NA,NA,NA,NA,NA,NA,NA,NA,NA,NA,NA,NA,NA
"44","125742","poll","Politico/Morning Consult","12/23 - 12/29","","17787 RV","","",Biden,,+11.0,#009900,2020-02-03 14:57:23,"https://morningconsult.com/2020-democratic-primary/",2019-12-23,2019-12-29,"1","Biden","","+11.0","#009900",21.0,32.0, 6.0,14.0, 8.0,3.0,3.0,1.0,NA,NA, 4.0, 3.0,1.0,0.0,1.0,1.0, 1.0,NA,NA,NA,NA,NA,NA,NA,NA,NA,NA,NA,NA,NA,NA,NA
"45","125669","poll","Economist/YouGov","12/22 - 12/24","","586 LV","","",Biden,,+11.0,#009900,2020-01-22 17:19:53,"https://d25d2506sfb94s.cloudfront.net/cumulus_uploads/document/t4lyjjoemc/econTabReport.pdf",2019-12-22,2019-12-24,"1","Biden","","+11.0","#009900",17.0,30.0, 4.0,19.0, 7.0,5.0,1.0,2.0,NA,NA, 3.0, 2.0,0.0,0.0,1.0,1.0, 1.0,NA,NA,NA,NA,NA,NA,NA,NA,NA,NA,NA,NA,NA,NA,NA
"46","125668","poll","Politico/Morning Consult","12/20 - 12/22","","7178 RV","","",Biden,,+10.0,#009900,2020-01-28 09:11:22,"https://morningconsult.com/2020-democratic-primary/",2019-12-20,2019-12-22,"1","Biden","","+10.0","#009900",21.0,31.0, 6.0,15.0, 9.0,3.0,3.0,2.0,NA,NA, 5.0, 3.0,1.0,0.0,1.0,1.0, 1.0,NA,NA,NA,NA,NA,NA,NA,NA,NA,NA,NA,NA,NA,NA,NA
"47","125577","poll","Emerson","12/15 - 12/17","","525 RV","","",Biden,,+7.0,#009900,2020-01-08 11:18:28,"https://emersonpolling.reportablenews.com/pr/december-national-poll-biden-and-sanders-pull-away-from-the-pack-as-warren-falls",2019-12-15,2019-12-17,"1","Biden","","+7.0","#009900",25.0,32.0, 3.0,12.0, 8.0,2.0,2.0,4.0,NA,NA, 6.0, 2.0,0.0,0.0,1.0,0.0, 0.0,NA,NA,NA,NA,NA,NA,NA,NA,NA,NA,NA,NA,NA,NA,NA
"48","125647","poll","NBC News/Wall St. Jrnl","12/14 - 12/17","","410 LV","","",Biden,,+7.0,#009900,2019-12-19 08:38:49,"https://www.nbcnews.com/politics/meet-the-press/stable-political-base-biden-remains-top-dem-field-nbc-wsj-n1104496",2019-12-14,2019-12-17,"1","Biden","","+7.0","#009900",21.0,28.0, 4.0,18.0, 9.0,5.0,1.0,2.0,NA,NA, 3.0, 2.0,0.0,0.0,0.0,1.0, 0.0,NA,NA,NA,NA,NA,NA,NA,NA,NA,NA,NA,NA,NA,NA,NA
"49","125613","poll","Economist/YouGov","12/14 - 12/17","","555 LV","","",Biden,,+10.0,#009900,2020-01-22 17:21:01,"https://d25d2506sfb94s.cloudfront.net/cumulus_uploads/document/ua3ar45wbg/econTabReport.pdf",2019-12-14,2019-12-17,"1","Biden","","+10.0","#009900",19.0,29.0, 4.0,17.0, 7.0,4.0,2.0,3.0,NA,NA, 3.0, 2.0,1.0,0.0,1.0,2.0, 1.0,NA,NA,NA,NA,NA,NA,NA,NA,NA,NA,NA,NA,NA,NA,NA
"50","125648","poll","CNN","12/12 - 12/15","","408 RV","","",Biden,,+6.0,#009900,2019-12-19 09:04:07,"https://cdn.cnn.com/cnn/2019/images/12/19/rel14b.-.2020.pdf",2019-12-12,2019-12-15,"1","Biden","","+6.0","#009900",20.0,26.0, 5.0,16.0, 8.0,3.0,1.0,1.0,NA,NA, 3.0, 3.0,0.0,0.0,1.0,2.0, 0.0,NA,NA,NA,NA,NA,NA,NA,NA,NA,NA,NA,NA,NA,NA,NA
"51","125641","poll","The Hill/HarrisX","12/13 - 12/14","","456 RV","","",Biden,,+16.0,#009900,2019-12-18 17:14:21,"https://www.youtube.com/watch?v=d7Tqe1aEy-Y",2019-12-13,2019-12-14,"1","Biden","","+16.0","#009900",13.0,29.0, 5.0,13.0, 5.0,3.0,3.0,1.0,NA,NA, 3.0, 2.0,1.0,2.0,2.0,4.0, 0.0,NA,NA,NA,NA,NA,NA,NA,NA,NA,NA,NA,NA,NA,NA,NA
"52","125549","poll","Quinnipiac","12/11 - 12/15","","567 RV","","",Biden,,+13.0,#009900,2020-01-08 12:11:42,"https://poll.qu.edu/national/release-detail?ReleaseID=3652",2019-12-11,2019-12-15,"1","Biden","","+13.0","#009900",16.0,30.0, 7.0,17.0, 9.0,3.0,1.0,1.0,NA,NA, 3.0, 2.0,0.0,0.0,0.0,1.0, 0.0,NA,NA,NA,NA,NA,NA,NA,NA,NA,NA,NA,NA,NA,NA,NA
"53","125560","poll","USA Today/Suffolk","12/10 - 12/14","","384 LV","","",Biden,,+9.0,#009900,2019-12-17 07:56:02,"https://www.usatoday.com/story/news/politics/elections/2019/12/16/trump-impeachment-2020-election-leads-democratic-rivals/2663659001/",2019-12-10,2019-12-14,"1","Biden","","+9.0","#009900",14.0,23.0, 6.0,13.0, 8.0,3.0,1.0,1.0,NA,NA, 2.0, 3.0,0.0,NA,0.0,0.0, 0.0,NA,NA,NA,NA,NA,NA,NA,NA,NA,NA,NA,NA,NA,NA,NA
"54","125559","poll","Politico/Morning Consult","12/9 - 12/15","","13384 RV","","",Biden,,+9.0,#009900,2020-01-28 09:11:58,"https://morningconsult.com/2020-democratic-primary/",2019-12-09,2019-12-15,"1","Biden","","+9.0","#009900",22.0,31.0, 7.0,15.0, 8.0,2.0,3.0,2.0,NA,NA, 4.0, 3.0,1.0,0.0,1.0,1.0, 1.0,NA,NA,NA,NA,NA,NA,NA,NA,NA,NA,NA,NA,NA,NA,NA
"55","125536","poll","NPR/PBS/Marist","12/9 - 12/11","","704 RV","5.4","",Biden,,+2.0,#009900,2019-12-16 10:00:11,"http://maristpoll.marist.edu/wp-content/uploads/2019/12/UPDATED_NPR_PBS-NewsHour_Marist-Poll_USA-NOS-and-Tables_1912131159.pdf#page=3",2019-12-09,2019-12-11,"1","Biden","","+2.0","#009900",22.0,24.0, 4.0,17.0,13.0,4.0,0.0,1.0,NA,NA, 5.0, 4.0,1.0,0.0,0.0,1.0, 0.0,NA,NA,NA,NA,NA,NA,NA,NA,NA,NA,NA,NA,NA,NA,NA
"56","125511","poll","FOX News","12/8 - 12/11","","453 RV","3.0","",Biden,,+10.0,#009900,2020-01-08 12:14:41,"https://www.foxnews.com/politics/fox-news-poll-results-december-8-11-2019",2019-12-08,2019-12-11,"1","Biden","","+10.0","#009900",20.0,30.0, 5.0,13.0, 7.0,5.0,1.0,3.0,NA,NA, 3.0, 2.0,1.0,0.0,0.0,1.0, 1.0,NA,NA,NA,NA,NA,NA,NA,NA,NA,NA,NA,NA,NA,NA,NA
"57","125543","poll","IBD/TIPP","12/5 - 12/14","","312 RV","","",Biden,,+8.0,#009900,2020-01-08 11:19:01,"https://www.investors.com/news/joe-biden-leads-democrats-president-trump-tops-elizabeth-warren-bernie-sanders-ibd-tipp-poll/",2019-12-05,2019-12-14,"1","Biden","","+8.0","#009900",18.0,26.0, 5.0,14.0, 9.0,2.0,2.0,1.0,NA,NA, 2.0, 3.0,1.0,0.0,0.0,1.0, 0.0,NA,NA,NA,NA,NA,NA,NA,NA,NA,NA,NA,NA,NA,NA,NA
"58","125375","poll","Economist/YouGov","12/7 - 12/10","","497 LV","2.9","",Biden,,+5.0,#009900,2020-01-22 17:21:54,"https://d25d2506sfb94s.cloudfront.net/cumulus_uploads/document/4yqcix83qw/econTabReport.pdf",2019-12-07,2019-12-10,"1","Biden","","+5.0","#009900",16.0,26.0, 4.0,21.0,11.0,2.0,1.0,3.0,NA,NA, 3.0, 3.0,1.0,0.0,0.0,1.0, 0.0,NA,NA,NA,NA,NA,NA,NA,NA,NA,NA,NA,NA,NA,NA,NA
"59","125345","poll","Quinnipiac","12/4 - 12/9","","665 RV","3.8","",Biden,,+12.0,#009900,2019-12-10 15:10:14,"https://poll.qu.edu/national/release-detail?ReleaseID=3651",2019-12-04,2019-12-09,"1","Biden","","+12.0","#009900",17.0,29.0, 5.0,15.0, 9.0,3.0,1.0,2.0,NA,NA, 4.0, 1.0,1.0,0.0,1.0,1.0, 1.0,NA,NA,NA,NA,NA,NA,NA,NA,NA,NA,NA,NA,NA,NA,NA
"60","125343","poll","Monmouth","12/4 - 12/8","","384 RV","5.0","",Biden,,+5.0,#009900,2019-12-10 09:25:01,"https://www.monmouth.edu/polling-institute/reports/monmouthpoll_US_121019/",2019-12-04,2019-12-08,"1","Biden","","+5.0","#009900",21.0,26.0, 5.0,17.0, 8.0,4.0,1.0,0.0,NA,NA, 3.0, 2.0,0.0,1.0,0.0,1.0, 0.0,NA,NA,NA,NA,NA,NA,NA,NA,NA,NA,NA,NA,NA,NA,NA
"61","125342","poll","Politico/Morning Consult","12/2 - 12/8","","15442 RV","","",Biden,,+8.0,#009900,2019-12-09 22:08:59,"https://morningconsult.com/2020-democratic-primary/",2019-12-02,2019-12-08,"1","Biden","","+8.0","#009900",22.0,30.0, 6.0,16.0, 9.0,2.0,3.0,2.0,NA,NA, 4.0, 3.0,1.0,0.0,1.0,1.0, 1.0,NA,NA,NA,NA,NA,NA,NA,NA,NA,NA,NA,NA,NA,NA,NA
"62","125276","poll","Economist/YouGov","12/1 - 12/3","","541 LV","2.9","",Biden,,+9.0,#009900,2020-01-22 17:22:55,"https://d25d2506sfb94s.cloudfront.net/cumulus_uploads/document/799kgtotz3/econTabReport.pdf",2019-12-01,2019-12-03,"1","Biden","","+9.0","#009900",13.0,27.0, 3.0,18.0,12.0,3.0,0.0,2.0, 4.0,NA, 2.0, 3.0,1.0,1.0,0.0,1.0, 1.0, 0.0, 0.0,NA,NA,NA,NA,NA,NA,NA,NA,NA,NA,NA,NA,NA
"63","125270","poll","The Hill/HarrisX","11/30 - 12/1","","437 RV","4.7","",Biden,,+16.0,#009900,2019-12-02 14:29:57,"https://thehill.com/hilltv/rising/472629-bloomberg-overtakes-harris-in-new-poll",2019-11-30,2019-12-01,"1","Biden","","+16.0","#009900",15.0,31.0, 6.0,10.0, 9.0,2.0,2.0,0.0, 2.0,NA, 2.0, 1.0,1.0,1.0,1.0,2.0, 0.0, 1.0, 0.0,NA,NA,NA,NA,NA,NA,NA,NA,NA,NA,NA,NA,NA
"64","125273","poll","Politico/Morning Consult","11/25 - 12/1","","15773 RV","","",Biden,,+9.0,#009900,2019-12-02 18:37:50,"https://morningconsult.com/2020-democratic-primary/",2019-11-25,2019-12-01,"1","Biden","","+9.0","#009900",20.0,29.0, 5.0,15.0, 9.0,2.0,2.0,2.0, 5.0,NA, 4.0, 2.0,1.0,0.0,1.0,1.0, 1.0,NA,NA,NA,NA,NA,NA,NA,NA,NA,NA,NA,NA,NA,NA,NA
"65","125322","poll","Harvard-Harris","11/27 - 11/29","","756 RV","","",Biden,,+13.0,#009900,2020-01-08 12:16:12,"https://harvardharrispoll.com/wp-content/uploads/2019/12/HHP_November2019_Topline_RegisteredVoters.pdf",2019-11-27,2019-11-29,"1","Biden","","+13.0","#009900",16.0,29.0, 7.0,13.0, 8.0,2.0,2.0,1.0, 5.0,NA, 3.0, 1.0,NA,NA,1.0,0.0, 0.0,NA,NA, 0.0,NA,NA,NA,NA,NA,NA, 1.0, 1.0,NA,NA,NA,NA
"66","125247","poll","Economist/YouGov","11/24 - 11/26","","550 RV","3.0","",Biden,,+6.0,#009900,2020-01-08 12:17:10,"https://d25d2506sfb94s.cloudfront.net/cumulus_uploads/document/a10nw9wbas/econTabReport.pdf",2019-11-24,2019-11-26,"1","Biden","","+6.0","#009900",15.0,23.0, 3.0,17.0,12.0,3.0,1.0,2.0, 4.0,NA, 3.0, 2.0,0.0,1.0,1.0,1.0, 1.0, 1.0, 0.0,NA,NA,NA,NA,NA,NA,NA,NA,NA,NA,NA,NA,NA
"67","125202","poll","Quinnipiac","11/21 - 11/25","","1355 RV","3.2","",Biden,,+8.0,#009900,2019-11-26 16:01:07,"https://poll.qu.edu/national/release-detail?ReleaseID=3650",2019-11-21,2019-11-25,"1","Biden","","+8.0","#009900",13.0,24.0, 3.0,14.0,16.0,3.0,0.0,1.0, 3.0,NA, 2.0, 2.0,2.0,0.0,0.0,2.0, 0.0, 0.0, 0.0,NA,NA,NA,NA,NA,NA,NA,NA,NA,NA,NA,NA,NA
"68","125219","poll","CNN","11/21 - 11/24","","431 RV","5.7","",Biden,,+11.0,#009900,2019-11-27 08:12:33,"https://www.cnn.com/2019/11/27/politics/cnn-2020-poll-data-doc/index.html",2019-11-21,2019-11-24,"1","Biden","","+11.0","#009900",17.0,28.0, 3.0,14.0,11.0,2.0,3.0,0.0, 3.0,NA, 3.0, 2.0,0.0,0.0,0.0,1.0, 0.0, 0.0, 0.0,NA,NA,NA,NA,NA,NA,NA,NA,NA,NA,NA,NA,NA
"69","125174","poll","Politico/Morning Consult","11/21 - 11/24","","8102 RV","","",Biden,,+9.0,#009900,2019-11-25 22:29:03,"https://morningconsult.com/2020-democratic-primary/",2019-11-21,2019-11-24,"1","Biden","","+9.0","#009900",21.0,30.0, 2.0,15.0, 9.0,2.0,2.0,2.0, 5.0,NA, 4.0, 2.0,1.0,0.0,1.0,1.0, 1.0, 1.0,NA,NA,NA,NA,NA,NA,NA,NA,NA,NA,NA,NA,NA,NA
"70","125218","poll","SurveyUSA","11/20 - 11/21","","1088 LV","3.6","",Biden,,+13.0,#009900,2019-11-27 08:07:50,"http://www.surveyusa.com/client/PollReport.aspx?g=1a56d146-5d59-4e5f-a9fa-78219f1ff42f",2019-11-20,2019-11-21,"1","Biden","","+13.0","#009900",17.0,30.0, 3.0,15.0,11.0,2.0,2.0,1.0, 5.0,NA, 4.0, 2.0,NA,1.0,NA,1.0,NA,NA,NA,NA,NA,NA,NA,NA,NA,NA,NA,NA,NA,NA,NA,NA
"71","125130","poll","Emerson","11/17 - 11/20","","468 RV","4.5","",Tie,,,,2019-11-21 12:15:20,"https://emersonpolling.reportablenews.com/pr/november-national-poll-support-for-impeachment-declines-biden-and-sanders-lead-democratic-primary",2019-11-17,2019-11-20,"1","Tie","","","",27.0,27.0, 1.0,20.0, 7.0,1.0,2.0,2.0, 3.0,NA, 4.0, 1.0,0.0,NA,0.0,1.0, 0.0, 0.0, 1.0,NA,NA,NA,NA,NA,NA,NA,NA,NA,NA,NA,NA,NA
"72","125020","poll","Economist/YouGov","11/17 - 11/19","","586 RV","","",Biden,,+8.0,#009900,2019-11-20 09:21:01,"https://d25d2506sfb94s.cloudfront.net/cumulus_uploads/document/u9tu99dui5/econTabReport.pdf",2019-11-17,2019-11-19,"1","Biden","","+8.0","#009900",12.0,30.0,NA,22.0, 9.0,2.0,1.0,3.0, 4.0,NA, 2.0, 1.0,1.0,NA,0.0,0.0, 0.0, 1.0, 0.0, 0.0,NA,NA,NA,NA,NA,NA,NA,NA,NA,NA,NA,NA
"73","124978","poll","The Hill/HarrisX","11/16 - 11/17","","449 RV","","",Biden,,+12.0,#009900,2019-11-18 15:38:14,"https://thehill.com/hilltv/rising/470911-sanders-reclaims-second-place-in-new-poll",2019-11-16,2019-11-17,"1","Biden","","+12.0","#009900",18.0,30.0, 3.0,15.0, 7.0,1.0,1.0,1.0, 4.0,NA, 2.0, 1.0,1.0,NA,2.0,2.0, 0.0, 0.0, 0.0, 0.0,NA,NA,NA,NA,NA,NA,NA,NA,NA,NA,NA,NA
"74","124979","poll","Politico/Morning Consult","11/11 - 11/17","","17050 RV","","",Biden,,+12.0,#009900,2019-11-18 23:29:02,"https://morningconsult.com/2020-democratic-primary/",2019-11-11,2019-11-17,"1","Biden","","+12.0","#009900",20.0,32.0, 3.0,17.0, 8.0,2.0,1.0,2.0, 5.0,NA, 3.0, 2.0,1.0,NA,1.0,1.0, 1.0, 1.0,NA,NA,NA,NA,NA,NA,NA,NA,NA,NA,NA,NA,NA,NA
"75","124918","poll","Economist/YouGov","11/10 - 11/12","","600 LV","","",Warren,,+3.0,#996600,2020-01-22 17:24:33,"https://d25d2506sfb94s.cloudfront.net/cumulus_uploads/document/7umtlf80ov/econTabReport.pdf",2019-11-10,2019-11-12,"1","Warren","","+3.0","#996600",17.0,23.0,NA,26.0, 9.0,2.0,1.0,2.0, 5.0,NA, 4.0, 1.0,0.0,NA,1.0,2.0, 0.0, 1.0, 0.0, 0.0,NA,NA,NA,NA,NA,NA,NA,NA,NA,NA,NA,NA
"76","124884","poll","Politico/Morning Consult","11/4 - 11/10","","16400 RV","","",Biden,,+12.0,#009900,2019-11-13 10:00:08,"https://morningconsult.com/2020-democratic-primary/",2019-11-04,2019-11-10,"1","Biden","","+12.0","#009900",20.0,32.0, 2.0,19.0, 8.0,2.0,1.0,1.0, 5.0,NA, 3.0, 3.0,1.0,NA,1.0,1.0, 1.0, 1.0,NA,NA,NA,NA,NA,NA,NA,NA,NA,NA,NA,NA,NA,NA
"77","124828","poll","Economist/YouGov","11/3 - 11/5","","1201 RV","3.0","",Biden,,+1.0,#009900,2019-11-06 10:26:40,"https://d25d2506sfb94s.cloudfront.net/cumulus_uploads/document/cseozthmrp/econTabReport.pdf",2019-11-03,2019-11-05,"1","Biden","","+1.0","#009900",14.0,26.0,NA,25.0, 8.0,2.0,1.0,3.0, 6.0,NA, 1.0, 2.0,0.0,NA,1.0,3.0, 1.0, 1.0, 0.0, 0.0,NA,NA,NA,NA,NA,NA,NA,NA,NA,NA,NA,NA
"78","124825","poll","Monmouth","10/30 - 11/3",""," RV","","",Tie,,,,2019-11-06 09:58:47,"https://www.monmouth.edu/polling-institute/reports/monmouthpoll_US_110619/",2019-10-30,2019-11-03,"1","Tie","","","",20.0,23.0,NA,23.0, 9.0,2.0,1.0,0.0, 5.0,NA, 3.0, 3.0,0.0,NA,0.0,0.0, 0.0, 0.0, 0.0,NA,NA,NA,NA,NA,NA,NA,NA,NA,NA,NA,NA,NA
"79","124865","poll","The Hill/HarrisX","11/1 - 11/2","","429 RV","","",Biden,,+11.0,#009900,2019-11-07 16:30:10,"https://thehill.com/hilltv/rising/469490-poll-biden-support-hits-record-low-of-26-percent",2019-11-01,2019-11-02,"1","Biden","","+11.0","#009900",14.0,26.0,NA,15.0, 6.0,3.0,1.0,1.0, 6.0,NA, 1.0, 2.0,1.0,NA,1.0,2.0, 1.0, 1.0, 1.0, 1.0,NA,NA,NA,NA,NA,NA,NA,NA,NA,NA,NA,NA
"80","124778","poll","Politico/Morning Consult","10/28 - 11/3","","16071 RV","","",Biden,,+12.0,#009900,2019-11-05 09:45:08,"https://morningconsult.com/2020-democratic-primary-2-2/",2019-10-28,2019-11-03,"1","Biden","","+12.0","#009900",20.0,32.0,NA,20.0, 7.0,2.0,1.0,2.0, 5.0,NA, 3.0, 2.0,1.0,NA,1.0,1.0, 1.0, 1.0,NA,NA,NA,NA,NA,NA,NA,NA,NA,NA,NA,NA,NA,NA
"81","124690","poll","Harvard-Harris","10/29 - 10/31",""," RV","","",Biden,,+15.0,#009900,2019-11-02 11:42:48,"https://harvardharrispoll.com/wp-content/uploads/2019/11/HHP_October19_Topline_RegisteredVoters.pdf",2019-10-29,2019-10-31,"1","Biden","","+15.0","#009900",18.0,33.0,NA,15.0, 4.0,3.0,1.0,0.0, 5.0, 2.0, 2.0, 3.0,NA,NA,0.0,0.0, 1.0,NA,NA, 0.0,NA,NA,NA,NA,NA,NA,NA,NA,NA,NA,NA,NA
"82","124724","poll","NBC News/Wall St. Jrnl","10/27 - 10/30","","414 RV","3.7","",Biden,,+4.0,#009900,2020-01-08 12:18:27,"https://www.documentcloud.org/documents/6538104-19433-NBCWSJ-Late-October-Poll.html",2019-10-27,2019-10-30,"1","Biden","","+4.0","#009900",19.0,27.0,NA,23.0, 6.0,5.0,0.0,2.0, 4.0, 1.0, 3.0, 2.0,1.0,NA,0.0,1.0, 0.0, 0.0,NA,NA,NA,NA,NA,NA,NA,NA,NA,NA,NA,NA,NA,NA
"83","124703","poll","ABC News/Wash Post","10/27 - 10/30","","452 RV","5.5","",Biden,,+5.0,#009900,2019-11-03 00:21:50,"https://www.langerresearch.com/wp-content/uploads/1208a32020Democrats.pdf",2019-10-27,2019-10-30,"1","Biden","","+5.0","#009900",17.0,28.0,NA,23.0, 9.0,2.0,1.0,2.0, 2.0, 1.0, 2.0, 2.0,1.0,NA,1.0,1.0, 0.0, 0.0,NA,NA,NA,NA,NA,NA,NA,NA,NA,NA,NA,NA,NA,NA
"84","124704","poll","FOX News","10/27 - 10/30","","471 RV","3.0","",Biden,,+10.0,#009900,2020-01-08 12:21:00,"https://www.foxnews.com/politics/fox-news-poll-biden-leads-nomination-race-tops-trump-by-12-points-in-matchup",2019-10-27,2019-10-30,"1","Biden","","+10.0","#009900",19.0,31.0,NA,21.0, 7.0,2.0,1.0,2.0, 3.0, 2.0, 3.0, 2.0,0.0,NA,0.0,0.0, 0.0, 0.0, 0.0, 0.0,NA,NA,NA,NA,NA,NA,NA,NA,NA,NA,NA,NA
"85","124621","poll","Economist/YouGov","10/27 - 10/29","","597 RV","","",Biden,,+4.0,#009900,2019-10-30 09:27:09,"https://d25d2506sfb94s.cloudfront.net/cumulus_uploads/document/zgaz948hzw/econTabReport.pdf",2019-10-27,2019-10-29,"1","Biden","","+4.0","#009900",14.0,27.0,NA,23.0, 7.0,2.0,1.0,2.0, 4.0, 4.0, 3.0, 1.0,1.0,NA,0.0,1.0, 0.0, 0.0, 0.0, 0.0,NA,NA,NA,NA,NA,NA,NA,NA,NA,NA,NA,NA
"86","124864","poll","LA Times/USC","10/21 - 11/3","","2599 LV","2.0","",Biden,,+12.0,#009900,2019-11-07 11:08:55,"https://www.latimes.com/politics/story/2019-11-04/usc-la-times-november-poll",2019-10-21,2019-11-03,"1","Biden","","+12.0","#009900",13.0,28.0,NA,16.0, 6.0,2.0,1.0,1.0, 4.0, 2.0, 2.0, 1.0,0.0,NA,0.0,0.0, 1.0, 0.0, 0.0, 0.0,0.0,NA,NA,NA,NA,NA,NA,NA,NA,NA,NA,NA
"87","124766","poll","IBD/TIPP","10/24 - 10/31","","361 RV","","",Biden,,+6.0,#009900,2019-11-04 14:19:42,"https://www.investors.com/news/joe-biden-leads-elizabeth-warren-both-beat-trump-2020-election-ibd-tipp/",2019-10-24,2019-10-31,"1","Biden","","+6.0","#009900",13.0,29.0,NA,23.0, 7.0,3.0,1.0,0.0, 2.0, 1.0, 3.0, 1.0,0.0,NA,0.0,1.0, 1.0, 0.0, 0.0, 0.0,NA,NA,NA,NA,NA,NA,NA,NA,NA,NA,NA,NA
"88","124651","poll","USA Today/Suffolk","10/23 - 10/26","","1000 RV","","",Biden,,+9.0,#009900,2019-10-30 14:56:53,"https://www.usatoday.com/story/news/politics/elections/2019/10/30/poll-biden-slips-warren-rises-sanders-buttigieg-top-tier/4096461002/",2019-10-23,2019-10-26,"1","Biden","","+9.0","#009900",13.0,26.0,NA,17.0,10.0,2.0,1.0,4.0, 3.0, 0.0, 3.0, 2.0,0.0,NA,0.0,0.0, 1.0, 0.0, 0.0, 0.0,NA,NA,NA,NA,NA,NA,NA,NA,NA,NA,NA,NA
"89","124571","poll","Politico/Morning Consult","10/21 - 10/27","","15431 RV","","",Biden,,+12.0,#009900,2019-10-29 16:34:57,"https://morningconsult.com/2020-democratic-primary-2/",2019-10-21,2019-10-27,"1","Biden","","+12.0","#009900",20.0,32.0,NA,20.0, 7.0,2.0,1.0,2.0, 6.0, 2.0, 3.0, 2.0,1.0,NA,1.0,1.0, 1.0, 0.0,NA,NA,NA,NA,NA,NA,NA,NA,NA,NA,NA,NA,NA,NA
"90","124408","poll","The Hill/HarrisX","10/21 - 10/22","","1001 RV","3.1","",Biden,,+8.0,#009900,2019-10-22 15:11:54,"https://thehill.com/hilltv/rising/466927-warren-overtakes-sanders-in-new-poll",2019-10-21,2019-10-22,"1","Biden","","+8.0","#009900",14.0,27.0,NA,19.0, 6.0,1.0,1.0,0.0, 5.0, 3.0, 2.0, 1.0,1.0,NA,0.0,1.0, 0.0, 0.0, 1.0, 1.0,1.0,NA,NA,NA,NA,NA,NA,NA,NA,NA,NA,NA
"91","124472","poll","Economist/YouGov","10/20 - 10/22","","1204 RV","2.9","",Biden,,+1.0,#009900,2019-10-23 14:06:40,"https://d25d2506sfb94s.cloudfront.net/cumulus_uploads/document/s96v7z4zoa/econTabReport.pdf",2019-10-20,2019-10-22,"1","Biden","","+1.0","#009900",16.0,24.0,NA,23.0, 8.0,2.0,1.0,2.0, 5.0, 2.0, 3.0, 3.0,1.0,NA,0.0,1.0, 1.0, 0.0, 0.0, 0.0,1.0,NA,NA,NA,NA,NA,NA,NA,NA,NA,NA,NA
"92","124402","poll","Emerson","10/18 - 10/21","","430 RV","4.7","",Biden,,+2.0,#009900,2019-10-22 12:25:47,"https://emersonpolling.reportablenews.com/pr/october-national-poll-biden-sanders-warren-maintain-front-runner-status-in-democratic-primary",2019-10-18,2019-10-21,"1","Biden","","+2.0","#009900",25.0,27.0,NA,21.0, 6.0,1.0,1.0,3.0, 5.0, 2.0, 4.0, 3.0,0.0,NA,0.0,0.0, 0.0, 0.0, 0.0,NA,0.0,NA,NA,NA,NA,NA,NA,NA,NA,NA,NA,NA
"93","124529","poll","Quinnipiac","10/17 - 10/21","","713 RV","4.6","",Warren,,+7.0,#996600,2019-10-24 08:33:09,"https://poll.qu.edu/national/release-detail?ReleaseID=3646",2019-10-17,2019-10-21,"1","Warren","","+7.0","#996600",15.0,21.0,NA,28.0,10.0,3.0,1.0,1.0, 5.0, 1.0, 1.0, 1.0,0.0,NA,0.0,1.0, 0.0, 0.0, 0.0, 0.0,0.0,NA,NA,NA,NA,NA,NA,NA,NA,NA,NA,NA
"94","124433","poll","CNN","10/17 - 10/20","","424 RV","","",Biden,,+15.0,#009900,2019-10-23 08:27:32,"https://cdn.cnn.com/cnn/2019/images/10/22/rel12b.-.2020.pdf",2019-10-17,2019-10-20,"1","Biden","","+15.0","#009900",16.0,34.0,NA,19.0, 6.0,3.0,1.0,1.0, 6.0, 3.0, 2.0, 1.0,1.0,NA,0.0,0.0, 0.0, 0.0, 0.0,NA,1.0,NA,NA,NA,NA,NA,NA,NA,NA,NA,NA,NA
"95","124382","poll","Politico/Morning Consult","10/16 - 10/20","","11521 RV","","",Biden,,+9.0,#009900,2019-10-22 15:08:25,"https://morningconsult.com/2020-democratic-primary-2/",2019-10-16,2019-10-20,"1","Biden","","+9.0","#009900",18.0,30.0,NA,21.0, 6.0,2.0,1.0,1.0, 6.0, 3.0, 3.0, 3.0,1.0,NA,1.0,1.0, 1.0, 1.0,NA,NA,1.0,NA,NA,NA,NA,NA,NA,NA,NA,NA,NA,NA
"96","124370","poll","Politico/Morning Consult","10/16 - 10/16","","2202 RV","","",Biden,,+10.0,#009900,2019-10-17 16:17:04,"https://morningconsult.com/2020-democratic-primary-2/",2019-10-16,2019-10-16,"1","Biden","","+10.0","#009900",18.0,31.0,NA,21.0, 6.0,2.0,2.0,1.0, 7.0, 2.0, 3.0, 2.0,1.0,NA,1.0,1.0, 1.0, 1.0,NA,NA,1.0,NA,NA,NA,NA,NA,NA,NA,NA,NA,NA,NA
"97","124375","poll","SurveyUSA","10/15 - 10/16","","1071 LV","3.7","",Biden,,+10.0,#009900,2019-10-21 14:24:05,"http://www.surveyusa.com/client/PollReport.aspx?g=3f8c15c0-bab5-4d13-b944-5b368f707417",2019-10-15,2019-10-16,"1","Biden","","+10.0","#009900",17.0,32.0,NA,22.0, 5.0,2.0,1.0,1.0, 7.0, 2.0, 2.0, 2.0,NA,NA,NA,1.0,NA,NA,NA,NA,NA,NA,NA,NA,NA,NA,NA,NA,NA,NA,NA,NA
"98","124321","poll","Economist/YouGov","10/13 - 10/15","","1136 RV","3.0","",Warren,,+4.0,#996600,2019-10-16 09:48:00,"https://d25d2506sfb94s.cloudfront.net/cumulus_uploads/document/kvoamfqbbo/econTabReport.pdf",2019-10-13,2019-10-15,"1","Warren","","+4.0","#996600",13.0,25.0,NA,29.0, 7.0,2.0,1.0,3.0, 5.0, 2.0, 2.0, 1.0,1.0,NA,1.0,0.0, 0.0, 0.0, 0.0, 0.0,0.0,NA,NA,NA,NA,NA,NA,NA,NA,NA,NA,NA
"99","124253","poll","Quinnipiac","10/11 - 10/13",""," RV","","",Warren,,+3.0,#996600,2019-10-14 15:03:17,"https://poll.qu.edu/national/release-detail?ReleaseID=3644",2019-10-11,2019-10-13,"1","Warren","","+3.0","#996600",11.0,27.0,NA,30.0, 8.0,2.0,2.0,0.0, 4.0, 2.0, 2.0, 2.0,1.0,NA,0.0,1.0, 0.0, 0.0, 0.0, 0.0,0.0,NA,NA,NA,NA,NA,NA,NA,NA,NA,NA,NA
"100","124273","poll","Politico/Morning Consult","10/7 - 10/12","","15683 RV","","",Biden,,+11.0,#009900,2019-10-16 08:17:36,"https://morningconsult.com/2020-democratic-primary-2/",2019-10-07,2019-10-12,"1","Biden","","+11.0","#009900",19.0,32.0,NA,21.0, 5.0,1.0,1.0,1.0, 6.0, 3.0, 3.0, 2.0,1.0,NA,1.0,1.0, 1.0, 1.0,NA,NA,1.0,NA,NA,NA,NA,NA,NA,NA,NA,NA,NA,NA
"101","124133","poll","Economist/YouGov","10/6 - 10/8","","1241RV 2.9","","",Warren,,+4.0,#996600,2019-10-09 09:19:57,"https://d25d2506sfb94s.cloudfront.net/cumulus_uploads/document/x3neaunoh2/econTabReport.pdf",2019-10-06,2019-10-08,"1","Warren","","+4.0","#996600",14.0,25.0,NA,29.0, 5.0,1.0,1.0,1.0, 5.0, 1.0, 3.0, 1.0,0.0,NA,1.0,1.0, 0.0, 2.0, 0.0, 0.0,0.0,NA,NA,NA,NA,NA,NA,NA,NA,NA,NA,NA
"102","124241","poll","FOX News","10/6 - 10/8",""," ","","",Biden,,+10.0,#009900,2019-10-10 17:58:17,"https://www.scribd.com/document/429686638/Fox-News-Poll-October-6-8-2019",2019-10-06,2019-10-08,"1","Biden","","+10.0","#009900",17.0,32.0,NA,22.0, 4.0,2.0,1.0,1.0, 5.0, 3.0, 2.0, 2.0,1.0,NA,0.0,1.0, 1.0, 0.0, 0.0, 0.0,1.0,NA,NA,NA,NA,NA,NA,NA,NA,NA,NA,NA
"103","124252","poll","The Hill/HarrisX","10/6 - 10/7","","446 RV","","",Biden,,+14.0,#009900,2019-10-14 15:37:18,"https://thehill.com/hilltv/rising/465694-democratic-support-for-warren-climbs-to-record-high-in-new-poll",2019-10-06,2019-10-07,"1","Biden","","+14.0","#009900",17.0,31.0,NA,15.0, 4.0,2.0,2.0,1.0, 6.0, 4.0, 2.0, 1.0,1.0,NA,0.0,1.0, 1.0, 0.0, 0.0, 0.0,1.0,NA,NA,NA,NA,NA,NA,NA,NA,NA,NA,NA
"104","124051","poll","Quinnipiac","10/4 - 10/7","","646 RV","","",Warren,,+3.0,#996600,2019-10-08 15:07:29,"https://poll.qu.edu/national/release-detail?ReleaseID=3643",2019-10-04,2019-10-07,"1","Warren","","+3.0","#996600",16.0,26.0,NA,29.0, 4.0,2.0,0.0,0.0, 3.0, 1.0, 3.0, 2.0,1.0,NA,0.0,1.0, 0.0, 0.0, 0.0, 0.0,1.0,NA,NA,NA,NA,NA,NA,NA,NA,NA,NA,NA
"105","124039","poll","Politico/Morning Consult","9/30 - 10/6","","16529 RV","","",Biden,,+12.0,#009900,2019-10-07 22:38:09,"https://morningconsult.com/2020-democratic-primary-2/",2019-09-30,2019-10-06,"1","Biden","","+12.0","#009900",19.0,33.0,NA,21.0, 5.0,1.0,1.0,1.0, 6.0, 3.0, 3.0, 2.0,1.0,NA,1.0,1.0, 1.0, 1.0,NA,NA,1.0,NA,NA,NA,NA,NA,NA,NA,NA,NA,NA,NA
"106","124017","poll","IBD/TIPP","9/26 - 10/3","","341 RV","","",Warren,,+1.0,#996600,2019-10-07 08:39:01,"https://www.investors.com/politics/americans-back-trump-impeachment-ukraine-scandal-biden-probe/",2019-09-26,2019-10-03,"1","Warren","","+1.0","#996600",10.0,26.0,NA,27.0, 7.0,1.0,0.0,1.0, 3.0, 2.0, 3.0, 0.0,0.0,NA,0.0,1.0, 0.0, 0.0, 0.0, 0.0,0.0,NA,NA,NA,NA,NA,NA,NA,NA,NA,NA,NA
"107","123930","poll","Economist/YouGov","9/28 - 10/1","","1087 RV","3.1","",Warren,,+6.0,#996600,2019-10-02 10:39:52,"https://d25d2506sfb94s.cloudfront.net/cumulus_uploads/document/eb2rrb9ofh/econTabReport.pdf",2019-09-28,2019-10-01,"1","Warren","","+6.0","#996600",13.0,22.0,NA,28.0, 7.0,1.0,1.0,2.0, 5.0, 3.0, 3.0, 2.0,2.0,NA,0.0,1.0, 0.0, 0.0, 0.0, 0.0,0.0,NA,NA,NA,NA,NA,NA,NA,NA,NA,NA,NA
"108","123933","poll","Monmouth","9/23 - 9/29","","434 RV","4.7","",Warren,,+3.0,#996600,2019-10-02 10:58:05,"https://www.monmouth.edu/polling-institute/reports/monmouthpoll_US_100219/",2019-09-23,2019-09-29,"1","Warren","","+3.0","#996600",15.0,25.0,NA,28.0, 5.0,1.0,1.0,0.0, 5.0, 1.0, 2.0, 1.0,0.0,NA,0.0,1.0, 2.0, 0.0, 0.0,NA,0.0,NA,NA,NA,NA,NA,NA,NA,NA,NA,NA,NA
"109","123899","poll","Politico/Morning Consult","9/23 - 9/29","","16274 RV","","",Biden,,+11.0,#009900,2019-09-30 22:28:49,"https://morningconsult.com/2020-democratic-primary/",2019-09-23,2019-09-29,"1","Biden","","+11.0","#009900",19.0,32.0,NA,21.0, 5.0,1.0,1.0,1.0, 6.0, 3.0, 3.0, 3.0,1.0,NA,1.0,1.0, 1.0, 1.0,NA,NA,1.0,NA,NA,NA,NA,NA,NA,NA,NA,NA,NA,NA
"110","123777","poll","Economist/YouGov","9/22 - 9/24","","1198 RV","2.9","",Warren,,+1.0,#996600,2019-09-25 10:53:17,"https://d25d2506sfb94s.cloudfront.net/cumulus_uploads/document/hqfjbs2lws/econTabReport.pdf",2019-09-22,2019-09-24,"1","Warren","","+1.0","#996600",16.0,26.0,NA,27.0, 6.0,1.0,0.0,1.0, 4.0, 2.0, 2.0, 0.0,1.0,NA,1.0,0.0, 0.0, 1.0, 0.0, 0.0,0.0,NA,NA,NA,NA,NA,NA,NA,NA,NA,NA,NA
"111","123802","poll","Harvard-Harris","9/22 - 9/24","","2009 RV","","",Biden,,+11.0,#009900,2019-09-26 15:50:44,"https://harvardharrispoll.com/wp-content/uploads/2019/09/HHP_September2019_Topline_RegisteredVoters.pdf",2019-09-22,2019-09-24,"1","Biden","","+11.0","#009900",16.0,28.0,NA,17.0, 3.0,1.0,2.0,1.0, 6.0, 3.0, 3.0, 2.0,NA,NA,0.0,2.0, 0.0,NA,NA, 0.0,0.0,NA,NA,NA,NA,NA,NA,NA,NA,NA,NA,NA
"112","123749","poll","Emerson","9/21 - 9/23","","1019 RV","3.0","",Biden,,+2.0,#009900,2019-09-24 12:27:29,"https://emersonpolling.reportablenews.com/pr/september-national-poll-warren-surges-biden-slips-and-sanders-holds-creating-three-way-dead-heat-for-the-nomination",2019-09-21,2019-09-23,"1","Biden","","+2.0","#009900",22.0,25.0,NA,23.0, 6.0,0.0,0.0,1.0, 4.0, 1.0, 8.0, 2.0,0.0,NA,0.0,2.0, 1.0, 0.0, 1.0, 0.0,1.0,NA,NA,NA,NA,NA,NA,NA,NA,NA,NA,NA
"113","123759","poll","Quinnipiac","9/19 - 9/23","","561 RV","4.9","",Warren,,+2.0,#996600,2019-09-25 09:52:22,"https://poll.qu.edu/images/polling/us/us09252019_umpj13.pdf/",2019-09-19,2019-09-23,"1","Warren","","+2.0","#996600",16.0,25.0,NA,27.0, 7.0,2.0,0.0,1.0, 3.0, 2.0, 2.0, 0.0,1.0,NA,0.0,2.0, 0.0, 0.0, 0.0, 0.0,0.0,NA,NA,NA,NA,NA,NA,NA,NA,NA,NA,NA
"114","123742","poll","The Hill/HarrisX","9/20 - 9/21","","440 RV","","",Biden,,+15.0,#009900,2019-09-23 16:37:13,"https://thehill.com/hilltv/rising/462617-biden-extends-lead-over-warren-sanders?rnd=1569259636",2019-09-20,2019-09-21,"1","Biden","","+15.0","#009900",16.0,31.0,NA,14.0, 5.0,2.0,1.0,1.0, 5.0, 4.0, 2.0, 2.0,1.0,NA,1.0,3.0, 0.0, 0.0,NA, 1.0,1.0,NA,NA,NA,NA,NA,NA,NA,NA,NA,NA,NA
"115","123746","poll","Politico/Morning Consult","9/16 - 9/22","","17377 RV","","",Biden,,+12.0,#009900,2019-09-23 22:38:30,"https://morningconsult.com/2020-democratic-primary/",2019-09-16,2019-09-22,"1","Biden","","+12.0","#009900",19.0,32.0,NA,20.0, 5.0,2.0,1.0,1.0, 6.0, 3.0, 3.0, 3.0,1.0,NA,1.0,1.0, 1.0, 1.0,NA,NA,1.0,NA,NA,NA,NA,NA,NA,NA,NA,NA,NA,NA
"116","123706","poll","FOX News","9/15 - 9/17",""," RV","","",Biden,,+11.0,#009900,2019-09-18 18:12:12,"https://www.foxnews.com/politics/fox-news-poll-september-15-17-2019",2019-09-15,2019-09-17,"1","Biden","","+11.0","#009900",18.0,29.0,NA,16.0, 5.0,2.0,1.0,0.0, 7.0, 4.0, 2.0, 3.0,1.0,NA,1.0,0.0, 0.0, 0.0, 0.0, 0.0,0.0,0.0,NA,NA,NA,NA,NA,NA,NA,NA,NA,NA
"117","123676","poll","Economist/YouGov","9/14 - 9/17","","567 RV","","",Biden,,+5.0,#009900,2019-09-18 09:54:59,"https://d25d2506sfb94s.cloudfront.net/cumulus_uploads/document/m1n9ik6irs/econTabReport.pdf",2019-09-14,2019-09-17,"1","Biden","","+5.0","#009900",14.0,26.0,NA,21.0, 9.0,1.0,0.0,2.0, 6.0, 3.0, 3.0, 2.0,1.0,NA,0.0,1.0, 1.0, 1.0, 0.0, 0.0,0.0,0.0,NA,NA,NA,NA,NA,NA,NA,NA,NA,NA
"118","123663","poll","NBC News/Wall St. Jrnl","9/13 - 9/16","","506 RV","4.4","",Biden,,+6.0,#009900,2019-09-17 17:28:46,"https://www.documentcloud.org/documents/6417332-FINAL19357-NBCWSJ-September-Democratic-Primary.html",2019-09-13,2019-09-16,"1","Biden","","+6.0","#009900",14.0,31.0,NA,25.0, 7.0,2.0,1.0,1.0, 5.0, 1.0, 4.0, 2.0,1.0,NA,1.0,1.0, 0.0, 0.0, 1.0,NA,0.0,1.0,NA,NA,NA,NA,NA,NA,NA,NA,NA,NA
"119","123675","poll","SurveyUSA","9/13 - 9/16","","1017 LV","3.4","",Biden,,+14.0,#009900,2019-09-18 09:31:46,"http://www.surveyusa.com/client/PollReport.aspx?g=af31ac4e-3786-426b-828e-6359cb6c34bb",2019-09-13,2019-09-16,"1","Biden","","+14.0","#009900",17.0,33.0,NA,19.0, 5.0,1.0,NA,NA, 6.0, 4.0, 3.0, 4.0,NA,NA,NA,1.0,NA,NA,NA,NA,NA,NA,NA,NA,NA,NA,NA,NA,NA,NA,NA,NA
"120","123629","poll","Politico/Morning Consult","9/13 - 9/15","","7487 RV","","",Biden,,+12.0,#009900,2019-09-16 15:19:28,"https://morningconsult.com/2020-democratic-primary/",2019-09-13,2019-09-15,"1","Biden","","+12.0","#009900",20.0,32.0,NA,18.0, 5.0,2.0,1.0,1.0, 6.0, 4.0, 3.0, 3.0,0.0,NA,1.0,1.0, 1.0, 1.0,NA,NA,1.0,0.0,NA,NA,NA,NA,NA,NA,NA,NA,NA,NA
"121","123601","poll","Reuters/Ipsos","9/9 - 9/10",""," RV","","",Biden,,+6.0,#009900,2019-09-11 18:31:48,"https://www.realclearpolitics.com/docs/2019/Reuters_Dem_2020_Sept_11.pdf",2019-09-09,2019-09-10,"1","Biden","","+6.0","#009900",16.0,22.0,NA,11.0, 4.0,1.0,1.0,1.0, 4.0, 2.0, 3.0, 3.0,0.0,NA,NA,1.0, 0.0, 0.0, 0.0, 0.0,1.0,0.0,NA,NA,NA,NA,NA,NA,NA,NA,NA,NA
"122","123573","poll","Economist/YouGov","9/8 - 9/10","","1188 RV","3.0","",Tie,,,,2019-09-11 18:40:21,"https://d25d2506sfb94s.cloudfront.net/cumulus_uploads/document/hrk03f83zc/econTabReport.pdf",2019-09-08,2019-09-10,"1","Tie","","","",16.0,26.0,NA,26.0, 6.0,1.0,0.0,1.0, 6.0, 1.0, 2.0, 2.0,1.0,NA,0.0,1.0, 1.0, 1.0, 0.0, 0.0,0.0,0.0,NA,NA,NA,NA,NA,NA,NA,NA,NA,NA
"123","123600","poll","The Hill/HarrisX","9/7 - 9/8","","454 RV","","",Biden,,+12.0,#009900,2019-09-11 17:58:12,"https://thehill.com/hilltv/rising/460934-harris-and-yang-ticked-up-three-front-runners-dip-slightly",2019-09-07,2019-09-08,"1","Biden","","+12.0","#009900",15.0,27.0,NA,12.0, 4.0,1.0,1.0,1.0, 7.0, 3.0, 5.0, 3.0,1.0,NA,1.0,2.0, 0.0, 1.0, 1.0, 0.0,0.0,0.0,NA,NA,NA,NA,NA,NA,NA,NA,NA,NA
"124","123599","poll","CNN","9/5 - 9/9","","908 RV","","",Biden,,+6.0,#009900,2019-09-11 17:54:33,"https://cdn.cnn.com/cnn/2019/images/09/11/rel10b.-.2020.pdf",2019-09-05,2019-09-09,"1","Biden","","+6.0","#009900",17.0,24.0,NA,18.0, 6.0,1.0,1.0,2.0, 8.0, 5.0, 2.0, 2.0,1.0,NA,0.0,1.0, 1.0, 0.0, 0.0,NA,1.0,1.0,NA,NA,NA,NA,NA,NA,NA,NA,NA,NA
"125","123516","poll","Politico/Morning Consult","9/2 - 9/8","","17824 RV","","",Biden,,+12.0,#009900,2019-09-09 22:43:57,"https://morningconsult.com/2020-democratic-primary/",2019-09-02,2019-09-08,"1","Biden","","+12.0","#009900",21.0,33.0,NA,16.0, 5.0,1.0,1.0,1.0, 7.0, 3.0, 3.0, 3.0,1.0,NA,1.0,1.0, 1.0, 0.0,NA,NA,1.0,1.0,NA,NA,NA,NA,NA,NA,NA,NA,NA,NA
"126","123508","poll","ABC News/Wash Post","9/2 - 9/5","","437 RV","5.5","",Biden,,+10.0,#009900,2019-09-08 00:09:52,"https://abcnews.go.com/Politics/warren-gains-harris-slips-room-movement-vast/story?id=65414558",2019-09-02,2019-09-05,"1","Biden","","+10.0","#009900",19.0,29.0,NA,18.0, 4.0,2.0,1.0,2.0, 7.0, 3.0, 3.0, 1.0,0.0,NA,0.0,0.0, 0.0, 0.0,NA,NA,0.0,1.0,NA,NA,NA,NA,NA,NA,NA,NA,NA,NA
"127","123454","poll","Economist/YouGov","9/1 - 9/3",""," ","","",Biden,,+4.0,#009900,2019-09-04 14:55:48,"https://d25d2506sfb94s.cloudfront.net/cumulus_uploads/document/3gj4ffirhi/econTabReport.pdf",2019-09-01,2019-09-03,"1","Biden","","+4.0","#009900",14.0,26.0,NA,22.0, 5.0,0.0,0.0,3.0, 5.0, 1.0, 3.0, 1.0,1.0,NA,1.0,1.0, 1.0, 0.0, 0.0, 0.0,1.0,2.0,NA,NA,NA,NA,NA,NA,NA,NA,NA,NA
"128","123453","poll","Politico/Morning Consult","8/26 - 9/1","","16736 RV","","",Biden,,+12.0,#009900,2019-09-04 07:35:29,"https://morningconsult.com/2020-democratic-primary/",2019-08-26,2019-09-01,"1","Biden","","+12.0","#009900",20.0,32.0,NA,16.0, 5.0,1.0,1.0,1.0, 8.0, 3.0, 3.0, 3.0,1.0,NA,1.0,1.0, 1.0, 1.0,NA,NA,1.0,0.0,NA,NA,NA,NA,NA,NA,NA,NA,NA,NA
"129","123441","poll","Harvard-Harris","8/26 - 8/28","","951 RV","","",Biden,,+16.0,#009900,2019-09-03 15:17:29,"https://harvardharrispoll.com/wp-content/uploads/2019/09/HHP_August2019_Crosstabs_RegisteredVoters.pdf",2019-08-26,2019-08-28,"1","Biden","","+16.0","#009900",16.0,32.0,NA,13.0, 4.0,1.0,1.0,1.0, 7.0, 4.0, 2.0, 3.0,NA,NA,1.0,1.0, 0.0,NA,NA, 0.0,0.0,NA,0.0,NA,NA,NA, 0.0, 0.0,NA,NA,NA,NA
"130","123407","poll","Economist/YouGov","8/24 - 8/27","","511 RV","","",Biden,,+4.0,#009900,2019-08-28 10:05:24,"https://d25d2506sfb94s.cloudfront.net/cumulus_uploads/document/b17i8aeg5p/econTabReport.pdf",2019-08-24,2019-08-27,"1","Biden","","+4.0","#009900",14.0,25.0,NA,21.0, 5.0,1.0,1.0,2.0, 8.0, 2.0, 2.0, 2.0,1.0,NA,0.0,1.0, 1.0, 1.0, 0.0, 0.0,0.0,1.0,0.0,NA,NA,NA,NA,NA,NA,NA,NA,NA
"131","123436","poll","IBD/TIPP","8/22 - 8/30","","360 RV","","",Biden,,+4.0,#009900,2019-09-03 11:38:57,"https://www.investors.com/news/elizabeth-warren-joe-biden-sanders-democratic-race-biden-vs-trump/",2019-08-22,2019-08-30,"1","Biden","","+4.0","#009900",12.0,28.0,NA,24.0, 5.0,1.0,0.0,0.0, 6.0, 0.0, 1.0, 4.0,0.0,NA,0.0,1.0, 0.0, 0.0, 0.0, 0.0,0.0,0.0,0.0,0.0, 0.0, 0.0,NA,NA,NA,NA,NA,NA
"132","123589","poll","LA Times/USC","8/12 - 9/8","","2462 LV","","",Biden,,+15.0,#009900,2019-09-11 11:43:10,"https://drive.google.com/file/d/1b8wZOfldlNWoaN4ajvl-c-g_Vvao-t5C/view",2019-08-12,2019-09-08,"1","Biden","","+15.0","#009900",13.0,28.0,NA,11.0, 4.0,1.0,0.0,1.0, 8.0, 3.0, 2.0, 2.0,0.0,NA,0.0,0.0, 0.0, 0.0, 0.0, 0.0,0.0,0.0,NA,NA,NA,NA,NA,NA,NA,NA,NA,NA
"133","123364","poll","Emerson","8/24 - 8/26","","627 RV","3.9","",Biden,,+7.0,#009900,2019-08-27 12:04:55,"https://emersonpolling.reportablenews.com/pr/august-national-poll-sanders-closing-gap-with-biden-mayor-pete-fades",2019-08-24,2019-08-26,"1","Biden","","+7.0","#009900",24.0,31.0,NA,15.0, 3.0,1.0,0.0,3.0,10.0, 3.0, 4.0, 3.0,0.0,NA,0.0,1.0, 0.0, 0.0, 0.0, 0.0,0.0,0.0,0.0,NA,NA,NA,NA,NA,NA,NA,NA,NA
"134","123382","poll","Quinnipiac","8/21 - 8/26","","1422 RV","4.6","",Biden,,+13.0,#009900,2019-08-28 12:23:08,"https://poll.qu.edu/national/release-detail?ReleaseID=3638",2019-08-21,2019-08-26,"1","Biden","","+13.0","#009900",15.0,32.0,NA,19.0, 5.0,1.0,0.0,1.0, 7.0, 1.0, 3.0, 1.0,1.0,NA,0.0,0.0, 1.0, 1.0, 0.0, 0.0,0.0,1.0,0.0,NA,NA,NA,NA,NA,NA,NA,NA,NA
"135","123372","poll","The Hill/HarrisX","8/23 - 8/24","","1001 RV","3.1","",Biden,,+13.0,#009900,2019-08-27 16:57:46,"https://thehill.com/hilltv/what-americas-thinking/459016-warren-gains-on-sanders-biden-in-new-national-poll",2019-08-23,2019-08-24,"1","Biden","","+13.0","#009900",17.0,30.0,NA,14.0, 4.0,1.0,1.0,1.0, 4.0, 3.0, 2.0, 2.0,1.0,NA,0.0,1.0, 1.0, 2.0, 0.0, 1.0,1.0,0.0,0.0,NA,NA,NA,NA,NA,NA,NA,NA,NA
"136","123373","poll","USA Today/Suffolk","8/20 - 8/25","","424 RV","","",Biden,,+18.0,#009900,2019-08-28 07:37:39,"https://www.usatoday.com/story/news/politics/elections/2019/08/28/2020-biden-leads-democrats-voters-dread-election/2120726001/",2019-08-20,2019-08-25,"1","Biden","","+18.0","#009900",12.0,32.0,NA,14.0, 6.0,0.0,0.0,0.0, 6.0, 2.0, 3.0, 2.0,0.0,NA,0.0,1.0, 0.0, 0.0, 0.0, 0.0,1.0,0.0,0.0,NA,NA,NA,NA,NA,NA,NA,NA,NA
"137","123360","poll","Politico/Morning Consult","8/19 - 8/25","","17303 RV","","",Biden,,+13.0,#009900,2019-08-26 22:55:43,"https://morningconsult.com/2020-democratic-primary/",2019-08-19,2019-08-25,"1","Biden","","+13.0","#009900",20.0,33.0,NA,15.0, 5.0,1.0,1.0,1.0, 8.0, 3.0, 2.0, 3.0,1.0,NA,1.0,1.0, 1.0, 1.0,NA,NA,1.0,1.0,1.0,NA,NA,NA,NA,NA,NA,NA,NA,NA
"138","123311","poll","Economist/YouGov","8/17 - 8/20",""," RV","","",Biden,,+3.0,#009900,2019-08-21 12:12:13,"https://d25d2506sfb94s.cloudfront.net/cumulus_uploads/document/u4gcv1suy6/econTabReport.pdf",2019-08-17,2019-08-20,"1","Biden","","+3.0","#009900",19.0,22.0,NA,18.0, 8.0,0.0,0.0,2.0, 8.0, 3.0, 1.0, 2.0,0.0,NA,0.0,1.0, 0.0, 0.0, 0.0, 0.0,0.0,1.0,0.0,1.0,NA, 0.0,NA,NA,NA,NA,NA,NA
"139","123359","poll","Monmouth","8/16 - 8/20","","298 RV","5.7","",Tie,,,,2019-08-26 11:57:11,"https://www.monmouth.edu/polling-institute/reports/monmouthpoll_US_082619/",2019-08-16,2019-08-20,"1","Tie","","","",20.0,19.0,NA,20.0, 4.0,1.0,0.0,1.0, 8.0, 2.0, 3.0, 4.0,0.0,NA,0.0,2.0, 2.0, 0.0, 0.0, 0.0,0.0,1.0,0.0,0.0,NA, 0.0,NA,NA,NA,NA,NA,NA
"140","123277","poll","CNN","8/15 - 8/18","","402 RV","","",Biden,,+14.0,#009900,2019-08-20 08:50:58,"http://cdn.cnn.com/cnn/2019/images/08/19/rel9a.-.democrats.2020.pdf",2019-08-15,2019-08-18,"1","Biden","","+14.0","#009900",15.0,29.0,NA,14.0, 5.0,1.0,1.0,2.0, 5.0, 3.0, 1.0, 2.0,0.0,NA,0.0,2.0, 0.0, 1.0, 0.0,NA,1.0,0.0,0.0,0.0,NA, 0.0,NA,NA,NA,NA,NA,NA
"141","123275","poll","Politico/Morning Consult","8/12 - 8/18","","17115 RV","","",Biden,,+11.0,#009900,2019-08-20 08:45:10,"https://morningconsult.com/2020-democratic-primary/",2019-08-12,2019-08-18,"1","Biden","","+11.0","#009900",20.0,31.0,NA,15.0, 5.0,1.0,1.0,1.0, 9.0, 3.0, 3.0, 3.0,0.0,NA,1.0,1.0, 1.0, 1.0,NA,NA,1.0,0.0,1.0,0.0,NA, 0.0,NA,NA,NA,NA,NA,NA
"142","123247","poll","FOX News","8/11 - 8/13",""," ","","",Biden,,+11.0,#009900,2019-08-15 18:03:04,"https://www.foxnews.com/politics/fox-news-poll-8-15",2019-08-11,2019-08-13,"1","Biden","","+11.0","#009900",10.0,31.0,NA,20.0, 3.0,2.0,1.0,1.0, 8.0, 2.0, 3.0, 3.0,0.0,NA,1.0,1.0, 1.0, 0.0, 0.0, 0.0,0.0,1.0,1.0,0.0, 0.0, 0.0,NA,NA,NA,NA,NA,NA
"143","123210","poll","Economist/YouGov","8/10 - 8/13",""," RV","","",Biden,,+3.0,#009900,2019-08-14 09:44:39,"https://d25d2506sfb94s.cloudfront.net/cumulus_uploads/document/mujbtdyiti/econTabReport.pdf",2019-08-10,2019-08-13,"1","Biden","","+3.0","#009900",16.0,23.0,NA,20.0, 6.0,1.0,1.0,2.0, 8.0, 5.0, 2.0, 2.0,1.0,NA,0.0,1.0, 1.0, 0.0, 0.0, 0.0,0.0,1.0,1.0,0.0, 0.0, 0.0,NA,NA,NA,NA,NA,NA
"144","123245","poll","The Hill/HarrisX","8/9 - 8/10","","451 RV","","",Biden,,+15.0,#009900,2019-08-15 07:43:41,"https://thehill.com/hilltv/what-americas-thinking/457430-biden-sanders-warren-support-dips-in-new-poll",2019-08-09,2019-08-10,"1","Biden","","+15.0","#009900",16.0,31.0,NA,10.0, 4.0,2.0,1.0,1.0, 7.0, 4.0, 1.0, 1.0,0.0,NA,1.0,2.0, 2.0, 2.0, 1.0, 0.0,1.0,0.0,1.0,0.0, 0.0, 0.0,NA,NA,NA,NA,NA,NA
"145","123179","poll","Politico/Morning Consult","8/5 - 8/11","","17117 ","","",Biden,,+13.0,#009900,2019-08-12 23:21:48,"https://morningconsult.com/2020-democratic-primary/",2019-08-05,2019-08-11,"1","Biden","","+13.0","#009900",20.0,33.0,NA,14.0, 5.0,1.0,1.0,1.0, 9.0, 3.0, 2.0, 3.0,1.0,NA,1.0,1.0, 1.0, 1.0,NA,NA,1.0,0.0,1.0,0.0, 1.0, 0.0,NA,NA,NA,NA,NA,NA
"146","123113","poll","Economist/YouGov","8/3 - 8/6","","1161 RV","2.9","",Biden,,+7.0,#009900,2019-08-07 10:14:34,"https://d25d2506sfb94s.cloudfront.net/cumulus_uploads/document/7jv630mjdk/econTabReport.pdf",2019-08-03,2019-08-06,"1","Biden","","+7.0","#009900",13.0,25.0,NA,18.0, 7.0,1.0,1.0,3.0, 8.0, 2.0, 2.0, 2.0,1.0,NA,1.0,1.0, 0.0, 1.0, 0.0, 0.0,0.0,1.0,0.0,1.0, 0.0, 0.0,NA, 0.0,NA,NA,NA,NA
"147","123092","poll","Quinnipiac","8/1 - 8/5","","807 RV","4.1","",Biden,,+11.0,#009900,2019-08-06 15:08:28,"https://poll.qu.edu/images/polling/us/us08062019_ubrt73.pdf/",2019-08-01,2019-08-05,"1","Biden","","+11.0","#009900",14.0,32.0,NA,21.0, 5.0,1.0,0.0,1.0, 7.0, 2.0, 1.0, 2.0,0.0,NA,0.0,1.0, 0.0, 0.0, 0.0, 0.0,0.0,0.0,0.0,0.0, 0.0, 0.0,NA, 0.0,NA,NA,NA,NA
"148","123169","poll","SurveyUSA","8/1 - 8/5","","999 LV","","",Biden,,+13.0,#009900,2019-08-09 18:11:52,"http://www.surveyusa.com/client/PollReport.aspx?g=1736552c-4e9a-461e-ba78-2cc6729082fd",2019-08-01,2019-08-05,"1","Biden","","+13.0","#009900",20.0,33.0,NA,19.0, 8.0,1.0,0.0,0.0, 9.0, 1.0, 0.0, 1.0,0.0,NA,0.0,0.0, 0.0, 0.0, 0.0, 0.0,0.0,0.0,0.0,0.0, 0.0, 0.0,NA, 0.0,NA,NA,NA,NA
"149","123292","poll","Reuters/Ipsos","8/1 - 8/5",""," RV","","",Biden,,+5.0,#009900,2019-08-21 09:33:51,"https://www.realclearpolitics.com/docs/2019/Ipsos_Aug_1-5.pdf",2019-08-01,2019-08-05,"1","Biden","","+5.0","#009900",20.0,25.0,NA,10.0, 5.0,1.0,0.0,1.0, 7.0, 2.0, 2.0, 3.0,0.0,NA,0.0,1.0, 0.0, 0.0, 0.0, 0.0,0.0,1.0,1.0,0.0, 0.0, 0.0,NA, 0.0,NA,NA,NA,NA
"150","123081","poll","Politico/Morning Consult","8/1 - 8/4","","9845 RV","","",Biden,,+14.0,#009900,2019-08-05 23:31:03,"https://morningconsult.com/2020-democratic-primary/",2019-08-01,2019-08-04,"1","Biden","","+14.0","#009900",19.0,33.0,NA,15.0, 6.0,1.0,1.0,1.0, 9.0, 3.0, 2.0, 3.0,0.0,NA,1.0,1.0, 1.0, 1.0,NA,NA,1.0,0.0,1.0,0.0, 0.0, 0.0,NA,NA,NA,NA,NA,NA
"151","123049","poll","Politico/Morning Consult","8/1 - 8/1","","2419 RV","","",Biden,,+14.0,#009900,2019-08-02 14:33:29,"https://morningconsult.com/2019/08/02/detroit-debates-deliver-meager-returns-for-bidens-challengers/",2019-08-01,2019-08-01,"1","Biden","","+14.0","#009900",18.0,32.0,NA,15.0, 6.0,1.0,1.0,1.0,10.0, 3.0, 2.0, 3.0,0.0,NA,1.0,1.0, 1.0, 0.0,NA,NA,1.0,0.0,1.0,0.0, 0.0, 0.0,NA,NA,NA,NA,NA,NA
"152","123050","poll","Harvard-Harris","7/31 - 8/1","","585 RV","","",Biden,,+17.0,#009900,2019-08-02 23:58:07,"https://www.realclearpolitics.com/docs/2019/Harvard-Harris_July_2019_Topline_Registered_Voters.pdf",2019-07-31,2019-08-01,"1","Biden","","+17.0","#009900",17.0,34.0, 0.0, 8.0, 4.0,1.0,1.0,0.0, 9.0, 3.0, 1.0, 2.0,NA,NA,0.0,1.0, 0.0,NA,NA, 0.0,1.0,NA,0.0,0.0, 0.0, 0.0, 0.0, 1.0,NA,NA,NA,NA
"153","122998","poll","Economist/YouGov","7/27 - 7/30",""," RV","","",Biden,,+6.0,#009900,2019-07-31 10:15:36,"https://d25d2506sfb94s.cloudfront.net/cumulus_uploads/document/hash0nbry8/econTabReport.pdf",2019-07-27,2019-07-30,"1","Biden","","+6.0","#009900",13.0,26.0,NA,20.0, 6.0,0.0,0.0,2.0,11.0, 2.0, 1.0, 3.0,0.0,NA,1.0,2.0, 0.0, 0.0, 0.0, 0.0,1.0,0.0,0.0,0.0, 0.0, 0.0,NA, 0.0,NA,NA,NA,NA
"154","123131","poll","IBD/TIPP","7/25 - 8/1","","350 RV","","",Biden,,+13.0,#009900,2019-08-07 15:46:14,"https://www.investors.com/politics/joe-biden-has-big-lead-president-trump-job-approval-slides-ibd-tipp-poll/",2019-07-25,2019-08-01,"1","Biden","","+13.0","#009900",12.0,30.0,NA,17.0, 6.0,1.0,NA,1.0,11.0, 1.0, 0.0, 2.0,0.0,NA,0.0,0.0, 0.0, 0.0,NA,NA,1.0,0.0,0.0,1.0, 0.0, 0.0,NA,NA,NA,NA,NA,NA
"155","122975","poll","Emerson","7/27 - 7/29","","520 RV","4.2","",Biden,,+13.0,#009900,2019-07-30 08:12:48,"https://emersonpolling.reportablenews.com/pr/july-national-poll-biden-extends-support-while-bernie-bounces-back",2019-07-27,2019-07-29,"1","Biden","","+13.0","#009900",20.0,33.0,NA,14.0, 6.0,0.0,2.0,1.0,11.0, 4.0, 2.0, 0.0,0.0,NA,1.0,1.0, 0.0, 0.0, 0.0,NA,0.0,1.0,1.0,0.0, 1.0, 0.0,NA, 0.0,NA,NA,NA,NA
"156","122973","poll","The Hill/HarrisX","7/27 - 7/28","","1000 RV","3.1","",Biden,,+14.0,#009900,2019-07-29 23:15:45,"https://thehill.com/hilltv/what-americas-thinking/455198-biden-extends-lead-sanders-warren-see-support-grow-in-new-poll",2019-07-27,2019-07-28,"1","Biden","","+14.0","#009900",20.0,34.0,NA,12.0, 5.0,1.0,1.0,0.0, 9.0, 4.0, 1.0, 1.0,0.0,NA,1.0,1.0, 0.0, 1.0, 0.0, 0.0,1.0,0.0,0.0,0.0, 0.0, 0.0,NA, 0.0,NA,NA,NA,NA
"157","122965","poll","Quinnipiac","7/25 - 7/28","","579 RV","5.1","",Biden,,+19.0,#009900,2019-07-29 13:48:01,"https://poll.qu.edu/national/release-detail?ReleaseID=3635",2019-07-25,2019-07-28,"1","Biden","","+19.0","#009900",11.0,34.0,NA,15.0, 6.0,1.0,0.0,1.0,12.0, 2.0, 2.0, 1.0,0.0,NA,0.0,0.0, 1.0, 0.0, 0.0, 0.0,0.0,0.0,0.0,0.0, 0.0, 0.0,NA, 0.0,NA,NA,NA,NA
"158","122974","poll","Politico/Morning Consult","7/22 - 7/28","","16959 RV","1.0","",Biden,,+15.0,#009900,2019-07-29 23:25:08,"https://morningconsult.com/wp-content/uploads/2019/07/Political-Intelligence-7.29.19.pdf",2019-07-22,2019-07-28,"1","Biden","","+15.0","#009900",18.0,33.0,NA,13.0, 5.0,1.0,1.0,1.0,12.0, 3.0, 2.0, 3.0,1.0,NA,1.0,1.0, 1.0, 0.0,NA,NA,1.0,1.0,1.0,0.0, 1.0, 0.0,NA,NA,NA,NA,NA,NA
"159","122943","poll","FOX News","7/21 - 7/23",""," RV","4.5","",Biden,,+18.0,#009900,2019-07-25 18:03:54,"https://www.foxnews.com/politics/fox-news-poll-biden-holds-commanding-lead-for-democratic-nomination",2019-07-21,2019-07-23,"1","Biden","","+18.0","#009900",15.0,33.0,NA,12.0, 5.0,3.0,1.0,0.0,10.0, 2.0, 3.0, 2.0,0.0,NA,1.0,1.0, 0.0, 0.0, 0.0, 0.0,0.0,1.0,1.0,0.0, 2.0, 0.0,NA, 0.0,NA,NA,NA,NA
"160","122869","poll","Economist/YouGov","7/21 - 7/23",""," ","","",Biden,,+7.0,#009900,2019-07-24 10:01:29,"https://d25d2506sfb94s.cloudfront.net/cumulus_uploads/document/n0eqovafro/econTabReport.pdf",2019-07-21,2019-07-23,"1","Biden","","+7.0","#009900",13.0,25.0,NA,18.0, 7.0,1.0,1.0,2.0, 9.0, 2.0, 2.0, 2.0,0.0,NA,0.0,2.0, 0.0, 1.0, 0.0, 0.0,0.0,1.0,0.0,0.0, 0.0, 0.0,NA, 0.0,NA,NA,NA,NA
"161","123293","poll","LA Times/USC","7/12 - 7/25","","1827 RV","3.0","",Biden,,+17.0,#009900,2019-08-21 09:52:39,"https://drive.google.com/file/d/1xmuVJHXBGt5r-pXn9JO6sFPS_GYfZKfD/view",2019-07-12,2019-07-25,"1","Biden","","+17.0","#009900",11.0,28.0,NA,10.0, 5.0,1.0,0.0,0.0,10.0, 3.0, 1.0, 1.0,0.0,NA,0.0,1.0, 0.0, 0.0, 0.0, 0.0,1.0,1.0,0.0,0.0, 0.0, 0.0,NA, 0.0,NA,NA,NA,NA
"162","122847","poll","Politico/Morning Consult","7/15 - 7/21","","17285 RV","","",Biden,,+15.0,#009900,2019-07-22 23:39:32,"https://morningconsult.com/2020-democratic-primary/",2019-07-15,2019-07-21,"1","Biden","","+15.0","#009900",18.0,33.0,NA,14.0, 5.0,1.0,1.0,1.0,13.0, 3.0, 2.0, 2.0,0.0,NA,1.0,1.0, 1.0, 1.0,NA,NA,1.0,1.0,1.0,0.0, 0.0,NA,NA,NA,NA,NA,NA,NA
"163","122794","poll","Economist/YouGov","7/14 - 7/16",""," ","","",Biden,,+9.0,#009900,2019-07-17 14:42:45,"https://d25d2506sfb94s.cloudfront.net/cumulus_uploads/document/xj7rpmvws8/econTabReport.pdf",2019-07-14,2019-07-16,"1","Biden","","+9.0","#009900",12.0,25.0,NA,16.0, 6.0,1.0,1.0,1.0,11.0, 2.0, 0.0, 3.0,1.0,NA,0.0,0.0, 0.0, 1.0, 0.0, 0.0,0.0,2.0,1.0,0.0, 0.0, 0.0,NA, 0.0,NA,NA,NA,NA
"164","122754","poll","The Hill/HarrisX","7/12 - 7/13","","446 RV","","",Biden,,+13.0,#009900,2019-07-15 16:54:31,"https://thehill.com/hilltv/what-americas-thinking/453142-biden-slips-below-30-percent-among-2020-democrats",2019-07-12,2019-07-13,"1","Biden","","+13.0","#009900",16.0,29.0,NA, 9.0, 1.0,1.0,0.0,1.0,11.0, 3.0, 0.0, 1.0,0.0,NA,1.0,1.0, 0.0, 1.0, 0.0, 1.0,1.0,1.0,1.0,0.0, 0.0, 1.0,NA, 1.0,NA,NA,NA,NA
"165","122756","poll","Politico/Morning Consult","7/8 - 7/14","","16504 RV","","",Biden,,+13.0,#009900,2019-07-15 22:11:33,"https://morningconsult.com/2020-democratic-primary/",2019-07-08,2019-07-14,"1","Biden","","+13.0","#009900",19.0,32.0,NA,14.0, 5.0,1.0,NA,1.0,13.0, 3.0, 2.0, 2.0,1.0,NA,1.0,1.0, 0.0, 1.0,NA,NA,1.0,0.0,1.0,0.0, 1.0, 0.0,NA,NA,NA,NA,NA,NA
"166","122743","poll","NBC News/Wall St. Jrnl","7/7 - 7/9","","400 RV","4.9","",Biden,,+7.0,#009900,2019-07-11 17:25:08,"https://www.nbcnews.com/politics/2020-election/nbc-wsj-poll-biden-warren-top-2020-democratic-field-n1028971",2019-07-07,2019-07-09,"1","Biden","","+7.0","#009900",13.0,26.0,NA,19.0, 7.0,1.0,NA,0.0,13.0, 2.0, 2.0, 1.0,1.0,NA,1.0,1.0, 1.0, 0.0,NA,NA,0.0,0.0,0.0,1.0, 1.0, 0.0,NA,NA,NA,NA,NA,NA
"167","122692","poll","Economist/YouGov","7/7 - 7/9","","539 RV","","",Biden,,+4.0,#009900,2019-07-10 09:27:14,"https://d25d2506sfb94s.cloudfront.net/cumulus_uploads/document/al25duedar/econTabReport.pdf",2019-07-07,2019-07-09,"1","Biden","","+4.0","#009900",12.0,22.0,NA,18.0, 6.0,1.0,NA,3.0,15.0, 1.0, 1.0, 2.0,0.0,NA,0.0,2.0, 0.0, 1.0,NA, 0.0,0.0,1.0,0.0,1.0, 1.0, 0.0, 0.0, 0.0,NA,NA,NA,NA
"168","122681","poll","Emerson","7/6 - 7/8","","481 RV","4.4","",Biden,,+15.0,#009900,2019-07-09 08:44:23,"https://emersonpolling.reportablenews.com/pr/july-national-poll-biden-extends-lead-in-democratic-primary-trump-closes-the-gap-in-the-general-election",2019-07-06,2019-07-08,"1","Biden","","+15.0","#009900",15.0,30.0,NA,15.0, 5.0,1.0,NA,2.0,15.0, 4.0, 3.0, 2.0,1.0,NA,0.0,0.0, 0.0, 1.0,NA, 0.0,0.0,0.0,0.0,1.0, 0.0,NA, 1.0, 1.0,NA,NA,NA,NA
"169","122680","poll","Politico/Morning Consult","7/1 - 7/7","","16599 RV","","",Biden,,+12.0,#009900,2019-07-09 08:10:02,"https://morningconsult.com/wp-content/uploads/2019/07/Political-Intelligence-7.8.19-FINAL.pdf",2019-07-01,2019-07-07,"1","Biden","","+12.0","#009900",19.0,31.0,NA,13.0, 6.0,1.0,NA,1.0,14.0, 3.0, 1.0, 2.0,0.0,NA,1.0,1.0, 1.0, 1.0,NA,NA,1.0,1.0,1.0,0.0, 1.0, 0.0,NA,NA,NA,NA,NA,NA
"170","122590","poll","Economist/YouGov","6/30 - 7/2","","591 RV","","",Biden,,+4.0,#009900,2019-07-03 09:33:40,"https://d25d2506sfb94s.cloudfront.net/cumulus_uploads/document/4ggh3e3308/econTabReport.pdf",2019-06-30,2019-07-02,"1","Biden","","+4.0","#009900", 9.0,23.0,NA,19.0, 8.0,0.0,NA,1.0,15.0, 2.0, 1.0, 2.0,1.0,NA,0.0,1.0, 0.0, 1.0,NA, 0.0,0.0,0.0,1.0,1.0, 0.0, 0.0, 0.0, 0.0,NA,NA,NA,NA
"171","123291","poll","Reuters/Ipsos","6/28 - 7/2",""," RV","","",Biden,,+7.0,#009900,2019-08-21 09:27:08,"https://www.realclearpolitics.com/docs/2019/Ipsos_July_28_-_July_2_2019.pdf",2019-06-28,2019-07-02,"1","Biden","","+7.0","#009900",17.0,24.0,NA,11.0, 4.0,1.0,NA,0.0,11.0, 3.0, 3.0, 1.0,0.0,NA,0.0,1.0, 0.0, 1.0, 0.0, 0.0,1.0,0.0,1.0,0.0, 0.0, 0.0,NA, 0.0,NA,NA,NA,NA
"172","122589","poll","ABC News/Wash Post","6/28 - 7/1","","460 RV","","",Biden,,+11.0,#009900,2019-07-02 22:30:26,"https://www.langerresearch.com/wp-content/uploads/1206a12020Democrats.pdf",2019-06-28,2019-07-01,"1","Biden","","+11.0","#009900",19.0,30.0,NA,12.0, 4.0,2.0,NA,1.0,13.0, 2.0, 0.0, 1.0,1.0,NA,0.0,3.0, 1.0, 0.0,NA,NA,0.0,0.0,0.0,1.0, 1.0, 0.0, 0.0,NA,NA,NA,NA,NA
"173","122571","poll","Quinnipiac","6/28 - 7/1","","554 RV","5.0","",Biden,,+2.0,#009900,2019-07-02 14:15:47,"https://poll.qu.edu/national/release-detail?ReleaseID=2631",2019-06-28,2019-07-01,"1","Biden","","+2.0","#009900",13.0,22.0,NA,14.0, 4.0,1.0,NA,1.0,20.0, 1.0, 1.0, 3.0,0.0,NA,0.0,1.0, 0.0, 0.0,NA, 0.0,0.0,0.0,0.0,0.0, 0.0, 0.0, 0.0, 0.0,NA,NA,NA,NA
"174","122568","poll","The Hill/HarrisX","6/29 - 6/30","","449 RV","","",Biden,,+18.0,#009900,2019-07-01 18:08:37,"https://thehill.com/hilltv/what-americas-thinking/451215-harris-surges-past-warren-to-claim-third-place-in-post-debate-poll",2019-06-29,2019-06-30,"1","Biden","","+18.0","#009900",15.0,33.0,NA, 9.0, 6.0,0.0,NA,1.0,11.0, 4.0, 1.0, 2.0,1.0,NA,0.0,1.0, 0.0, 1.0,NA,NA,0.0,0.0,1.0,0.0, 0.0, 0.0, 0.0, 1.0,NA,NA,NA,NA
"175","122567","poll","CNN","6/28 - 6/30","","656 RV","4.7","",Biden,,+5.0,#009900,2019-07-01 16:56:41,"https://www.cnn.com/2019/07/01/politics/2020-democratic-candidates-poll/index.html",2019-06-28,2019-06-30,"1","Biden","","+5.0","#009900",14.0,22.0,NA,15.0, 4.0,2.0,NA,1.0,17.0, 3.0, 1.0, 3.0,0.0,NA,0.0,1.0, 0.0, 0.0,NA, 0.0,0.0,1.0,0.0,0.0, 0.0, 0.0, 0.0,NA,NA,NA,NA,NA
"176","122591","poll","Harvard-Harris","6/26 - 6/29","","845 RV","","",Biden,,+19.0,#009900,2019-07-03 09:49:41,"https://harvardharrispoll.com/wp-content/uploads/2019/07/HHP_June2019_RVs_Topline.pdf",2019-06-26,2019-06-29,"1","Biden","","+19.0","#009900",15.0,34.0,NA,11.0, 3.0,1.0,NA,2.0, 9.0, 2.0, 1.0, 3.0,NA,NA,1.0,1.0, 0.0,NA,NA, 0.0,1.0,NA,1.0,0.0, 1.0, 0.0, 0.0, 0.0,NA,NA,NA,NA
"177","122563","poll","Politico/Morning Consult","6/27 - 6/28","","2407 RV","2.0","",Biden,,+14.0,#009900,2019-06-30 10:31:39,"https://morningconsult.com/2020-democratic-primary/",2019-06-27,2019-06-28,"1","Biden","","+14.0","#009900",19.0,33.0,NA,12.0, 6.0,1.0,NA,1.0,12.0, 2.0, 2.0, 3.0,0.0,NA,1.0,1.0, 0.0, 1.0,NA,NA,1.0,1.0,1.0,0.0, 0.0, 1.0, 0.0,NA,NA,NA,NA,NA
"178","122492","poll","Economist/YouGov","6/22 - 6/25","","474 RV","","",Biden,,+6.0,#009900,2019-06-26 09:14:57,"https://d25d2506sfb94s.cloudfront.net/cumulus_uploads/document/obzwo5cjei/econTabReport.pdf",2019-06-22,2019-06-25,"1","Biden","","+6.0","#009900",15.0,25.0,NA,19.0, 6.0,0.0,NA,3.0, 7.0, 3.0, 1.0, 1.0,1.0,NA,0.0,1.0, 0.0, 1.0,NA, 0.0,0.0,1.0,1.0,0.0, 0.0, 1.0, 0.0, 0.0,NA,NA,NA,NA
"179","122481","poll","Emerson","6/21 - 6/24","","457 RV","4.5","",Biden,,+7.0,#009900,2019-06-25 07:24:27,"https://emersonpolling.reportablenews.com/pr/june-national-poll-all-eyes-on-the-democratic-debates-biden-sanders-and-warren-separate-from-the-field",2019-06-21,2019-06-24,"1","Biden","","+7.0","#009900",27.0,34.0,NA,14.0, 6.0,1.0,NA,0.0, 7.0, 1.0, 1.0, 3.0,0.0,NA,0.0,0.0, 0.0, 0.0,NA, 0.0,0.0,0.0,1.0,1.0, 0.0, 0.0, 0.0, 1.0,NA,NA,NA,NA
"180","122480","poll","Politico/Morning Consult","6/17 - 6/23","","16188 RV","","",Biden,,+19.0,#009900,2019-06-24 23:48:02,"https://morningconsult.com/2020-democratic-primary/",2019-06-17,2019-06-23,"1","Biden","","+19.0","#009900",19.0,38.0,NA,13.0, 7.0,1.0,NA,1.0, 6.0, 4.0, 2.0, 3.0,1.0,NA,1.0,1.0, 0.0, 1.0,NA,NA,1.0,1.0,1.0,1.0, 1.0,NA, 0.0,NA,NA,NA,NA,NA
"181","122422","poll","Economist/YouGov","6/16 - 6/18","","576 RV","","",Biden,,+10.0,#009900,2019-06-20 00:17:35,"https://d25d2506sfb94s.cloudfront.net/cumulus_uploads/document/f0cbavpadc/econTabReport.pdf",2019-06-16,2019-06-18,"1","Biden","","+10.0","#009900",12.0,26.0,NA,16.0, 9.0,1.0,NA,1.0, 7.0, 3.0, 1.0, 2.0,1.0,NA,1.0,1.0, 0.0, 1.0,NA, 0.0,0.0,1.0,0.0,1.0, 0.0, 0.0, 0.0, 0.0,NA,NA,NA,NA
"182","122421","poll","Monmouth","6/12 - 6/17","","306 RV","","",Biden,,+17.0,#009900,2019-06-19 14:03:34,"https://www.monmouth.edu/polling-institute/reports/monmouthpoll_us_061919/",2019-06-12,2019-06-17,"1","Biden","","+17.0","#009900",14.0,32.0,NA,15.0, 5.0,1.0,NA,1.0, 8.0, 3.0, 2.0, 2.0,0.0,NA,0.0,0.0, 1.0, 0.0,NA, 0.0,0.0,1.0,0.0,1.0, 0.0, 0.0, 0.0, 0.0,NA,NA,NA,NA
"183","122365","poll","The Hill/HarrisX","6/14 - 6/15","","424 RV","","",Biden,,+22.0,#009900,2019-06-17 14:25:54,"https://thehill.com/hilltv/what-americas-thinking/448910-poll-biden-leads-Sanders-by-22-points",2019-06-14,2019-06-15,"1","Biden","","+22.0","#009900",13.0,35.0,NA, 7.0, 4.0,1.0,NA,0.0, 5.0, 6.0, 0.0, 3.0,1.0,NA,1.0,2.0, 0.0, 1.0,NA, 1.0,1.0,0.0,0.0,0.0, 0.0, 0.0, 1.0, 0.0,NA,NA,NA,NA
"184","122370","poll","Politico/Morning Consult","6/10 - 6/16","","17226 RV","","",Biden,,+19.0,#009900,2019-06-18 00:07:29,"https://morningconsult.com/2020-democratic-primary/",2019-06-10,2019-06-16,"1","Biden","","+19.0","#009900",19.0,38.0,NA,11.0, 7.0,1.0,NA,1.0, 7.0, 4.0, 1.0, 3.0,1.0,NA,1.0,1.0, 1.0, 0.0,NA,NA,1.0,0.0,1.0,0.0, 1.0, 0.0, 0.0,NA,NA,NA,NA,NA
"185","122382","poll","USA Today/Suffolk","6/11 - 6/15","","385 RV","","",Biden,,+15.0,#009900,2019-06-19 08:08:13,"https://www.usatoday.com/story/news/politics/elections/2019/06/19/poll-focus-debate-issues-immigration-education-not-trump/1485414001/",2019-06-11,2019-06-15,"1","Biden","","+15.0","#009900",15.0,30.0,NA,10.0, 9.0,0.0,NA,0.0, 8.0, 2.0, 1.0, 2.0,0.0,NA,0.0,1.0, 0.0, 1.0,NA, 0.0,1.0,0.0,0.0,0.0, 1.0, 0.0, 0.0, 0.0,NA,NA,NA,NA
"186","122349","poll","FOX News","6/9 - 6/12","","449 LV","","",Biden,,+19.0,#009900,2019-06-16 11:37:32,"https://www.foxnews.com/politics/fox-news-poll-6-16",2019-06-09,2019-06-12,"1","Biden","","+19.0","#009900",13.0,32.0,NA, 9.0, 8.0,2.0,NA,1.0, 8.0, 4.0, 2.0, 3.0,0.0,NA,1.0,1.0, 0.0, 0.0,NA, 0.0,1.0,0.0,1.0,0.0, 0.0, 0.0, 0.0, 0.0,NA,NA,NA,NA
"187","122281","poll","Economist/YouGov","6/9 - 6/11","","454 RV","","",Biden,,+11.0,#009900,2019-06-12 09:31:36,"https://d25d2506sfb94s.cloudfront.net/cumulus_uploads/document/b0wzlf9avh/econTabReport.pdf",2019-06-09,2019-06-11,"1","Biden","","+11.0","#009900",12.0,27.0,NA,16.0, 8.0,0.0,NA,0.0, 7.0, 3.0, 1.0, 2.0,1.0,NA,0.0,1.0, 0.0, 0.0,NA, 0.0,0.0,1.0,1.0,1.0, 0.0, 0.0, 1.0, 0.0,NA,NA,NA,NA
"188","122256","poll","Quinnipiac","6/6 - 6/10","","503 RV","5.4","",Biden,,+11.0,#009900,2019-06-11 14:07:38,"https://poll.qu.edu/national/release-detail?ReleaseID=2627",2019-06-06,2019-06-10,"1","Biden","","+11.0","#009900",19.0,30.0,NA,15.0, 8.0,1.0,NA,0.0, 7.0, 3.0, 1.0, 1.0,0.0,NA,0.0,0.0, 0.0, 0.0,NA, 0.0,1.0,0.0,0.0,0.0, 0.0, 0.0, 0.0, 0.0,NA,NA,NA,NA
"189","122252","poll","Politico/Morning Consult","6/3 - 6/9","","17012 RV","","",Biden,,+18.0,#009900,2019-06-10 22:49:55,"https://morningconsult.com/wp-content/uploads/2019/06/Political-Intelligence-6.10.19.pdf",2019-06-03,2019-06-09,"1","Biden","","+18.0","#009900",19.0,37.0,NA,11.0, 7.0,2.0,NA,1.0, 7.0, 4.0, 1.0, 3.0,1.0,NA,1.0,1.0, 0.0, 1.0,NA,NA,1.0,0.0,1.0,1.0, 1.0, 0.0, 0.0,NA,NA,NA,NA,NA
"190","122236","poll","Economist/YouGov","6/2 - 6/4","","500 RV","","",Biden,,+12.0,#009900,2019-06-05 23:39:40,"https://d25d2506sfb94s.cloudfront.net/cumulus_uploads/document/c4ndc02jx7/econTabReport.pdf",2019-06-02,2019-06-04,"1","Biden","","+12.0","#009900",15.0,27.0,NA,12.0,10.0,1.0,NA,1.0, 9.0, 2.0, 1.0, 2.0,0.0,NA,1.0,0.0, 0.0, 1.0,NA, 0.0,0.0,2.0,0.0,0.0, 1.0, 0.0, 0.0, 0.0,NA,NA,NA,NA
"191","122145","poll","The Hill/HarrisX","6/1 - 6/2","","431 RV","3.1","",Biden,,+19.0,#009900,2019-06-03 13:43:43,"https://thehill.com/hilltv/what-americas-thinking/446652-biden-remains-well-in-front-of-democratic-pack-with-35-percent",2019-06-01,2019-06-02,"1","Biden","","+19.0","#009900",16.0,35.0,NA, 5.0, 8.0,1.0,NA,0.0, 4.0, 4.0, 0.0, 3.0,1.0,NA,0.0,0.0, 1.0, 0.0,NA, 0.0,0.0,NA,0.0,0.0, 1.0, 0.0, 0.0, 0.0,NA,NA,NA,NA
"192","122154","poll","Politico/Morning Consult","5/27 - 6/2","","16587 RV","","",Biden,,+19.0,#009900,2019-06-08 11:12:38,"https://morningconsult.com/2020-democratic-primary/",2019-05-27,2019-06-02,"1","Biden","","+19.0","#009900",19.0,38.0,NA,10.0, 7.0,1.0,NA,1.0, 7.0, 4.0, 1.0, 3.0,1.0,NA,1.0,1.0, 1.0, 1.0,NA,NA,1.0,1.0,1.0,1.0, 1.0, 0.0, 0.0,NA,NA,NA,NA,NA
"193","122161","poll","CNN","5/28 - 5/31","","412 RV","","",Biden,,+14.0,#009900,2019-06-04 08:52:31,"https://cdn.cnn.com/cnn/2019/images/06/03/rel7b.-.democrats.2020.pdf",2019-05-28,2019-05-31,"1","Biden","","+14.0","#009900",18.0,32.0,NA, 7.0, 5.0,2.0,NA,1.0, 8.0, 5.0, 1.0, 3.0,1.0,NA,0.0,2.0, 0.0, 0.0,NA, 0.0,1.0,0.0,1.0,1.0, 0.0, 0.0, 0.0,NA,NA,NA,NA,NA
"194","122127","poll","Harvard-Harris","5/29 - 5/30","","1295 RV","","",Biden,,+19.0,#009900,2019-06-01 00:41:44,"https://harvardharrispoll.com/wp-content/uploads/2019/05/HHP_May2019_RegisteredVoters_Topline.pdf",2019-05-29,2019-05-30,"1","Biden","","+19.0","#009900",17.0,36.0, 1.0, 5.0, 5.0,0.0,NA,0.0, 8.0, 4.0, 1.0, 3.0,NA,NA,1.0,1.0, 0.0,NA,NA, 0.0,1.0,NA,0.0,1.0, 1.0, 0.0, 0.0, 1.0,NA,NA,NA,NA
"195","122070","poll","Politico/Morning Consult","5/20 - 5/26","","16368 RV","","",Biden,,+18.0,#009900,2019-06-08 11:13:14,"https://morningconsult.com/2020-democratic-primary/",2019-05-20,2019-05-26,"1","Biden","","+18.0","#009900",20.0,38.0,NA, 9.0, 7.0,1.0,NA,1.0, 7.0, 4.0, 1.0, 3.0,1.0,NA,1.0,1.0, 1.0, 1.0,NA,NA,1.0,0.0,1.0,0.0, 1.0, 0.0, 0.0,NA,NA,NA,NA,NA
"196","122062","poll","Monmouth","5/16 - 5/20","","334 RV","5.4","",Biden,,+18.0,#009900,2019-05-23 10:46:09,"https://www.monmouth.edu/polling-institute/reports/monmouthpoll_US_052319/",2019-05-16,2019-05-20,"1","Biden","","+18.0","#009900",15.0,33.0,NA,10.0, 6.0,3.0,NA,1.0,11.0, 4.0, 1.0, 1.0,0.0,NA,0.0,1.0, 1.0, 0.0,NA, 0.0,0.0,1.0,0.0,0.0, 0.0, 0.0, 0.0, 0.0,NA,NA,NA,NA
"197","122052","poll","The Hill/HarrisX","5/17 - 5/18","","488 RV","","",Biden,,+19.0,#009900,2019-05-23 10:45:36,"https://thehill.com/hilltv/what-americas-thinking/445053-biden-retains-large-lead-over-sanders-other-2020-dems-in-new",2019-05-17,2019-05-18,"1","Biden","","+19.0","#009900",14.0,33.0,NA, 8.0, 6.0,1.0,NA,0.0, 6.0, 5.0, 1.0, 1.0,0.0,NA,0.0,1.0, 0.0, 0.0,NA, 0.0,1.0,0.0,1.0,0.0, 0.0, 1.0, 0.0, 0.0,NA,NA,NA,NA
"198","121954","poll","Quinnipiac","5/16 - 5/20","","454 RV","","",Biden,,+19.0,#009900,2019-05-21 13:53:40,"https://poll.qu.edu/images/polling/us/us05212019_uhlw22.pdf/",2019-05-16,2019-05-20,"1","Biden","","+19.0","#009900",16.0,35.0,NA,13.0, 5.0,2.0,NA,1.0, 8.0, 2.0, 1.0, 3.0,0.0,NA,0.0,1.0, 0.0, 0.0,NA, 0.0,0.0,0.0,0.0,0.0, 0.0, 0.0, 0.0,NA,NA,NA,NA,NA
"199","121952","poll","Politico/Morning Consult","5/13 - 5/20","","14830 RV","1.0","",Biden,,+20.0,#009900,2019-06-08 11:13:44,"https://morningconsult.com/wp-content/uploads/2019/05/8394672.pdf",2019-05-13,2019-05-20,"1","Biden","","+20.0","#009900",19.0,39.0,NA, 9.0, 6.0,1.0,NA,1.0, 8.0, 4.0, 1.0, 3.0,1.0,NA,1.0,1.0, 0.0, 1.0,NA,NA,1.0,1.0,1.0,0.0, 1.0, 0.0, 0.0,NA,NA,NA,NA,NA
"200","121928","poll","FOX News","5/11 - 5/14","","469 RV","4.5","",Biden,,+18.0,#009900,2019-05-16 18:20:18,"https://www.foxnews.com/politics/fox-news-poll-biden-up-by-double-digits-in-democratic-race",2019-05-11,2019-05-14,"1","Biden","","+18.0","#009900",17.0,35.0,NA, 9.0, 6.0,2.0,NA,1.0, 5.0, 4.0, 1.0, 3.0,0.0,NA,1.0,2.0, 1.0, 0.0,NA,NA,1.0,NA,0.0,1.0, 0.0,NA,NA,NA,NA,NA,NA,NA
"201","121870","poll","Emerson","5/10 - 5/13",""," ","","",Biden,,+8.0,#009900,2019-05-13 21:32:39,"https://emersonpolling.reportablenews.com/pr/may-national-poll-biden-back-in-the-lead-for-the-democratic-nomination",2019-05-10,2019-05-13,"1","Biden","","+8.0","#009900",25.0,33.0,NA,10.0, 8.0,1.0,NA,1.0,10.0, 3.0, 1.0, 1.0,1.0,NA,0.0,2.0, 0.0,NA,NA, 0.0,0.0,NA,2.0,0.0, 0.0, 1.0, 0.0, 1.0,NA,NA,NA,NA
"202","121879","poll","Politico/Morning Consult","5/6 - 5/12",""," ","","",Biden,,+20.0,#009900,2019-06-08 11:14:13,"https://morningconsult.com/wp-content/uploads/2019/05/Political-Intelligence-5.13.19.pdf",2019-05-06,2019-05-12,"1","Biden","","+20.0","#009900",19.0,39.0,NA, 8.0, 6.0,2.0,NA,1.0, 8.0, 5.0, 1.0, 3.0,1.0,NA,0.0,1.0,NA, 0.0,NA,NA,1.0,0.0,1.0,1.0, 1.0, 0.0, 0.0,NA,NA,NA,NA,NA
"203","121790","poll","The Hill/HarrisX","5/3 - 5/4","","440 RV","","",Biden,,+32.0,#009900,2019-05-06 15:01:12,"https://thehill.com/hilltv/what-americas-thinking/442310-joe-biden",2019-05-03,2019-05-04,"1","Biden","","+32.0","#009900",14.0,46.0,NA, 7.0, 8.0,0.0,NA,1.0, 6.0, 3.0, 1.0, 3.0,1.0,NA,1.0,1.0, 1.0,NA,NA, 0.0,1.0,NA,1.0,1.0, 0.0, 0.0, 1.0, 0.0,NA,NA,NA,NA
"204","121791","poll","Politico/Morning Consult","4/29 - 5/5","","15770 RV","","",Biden,,+21.0,#009900,2019-06-08 11:14:47,"https://morningconsult.com/2020-democratic-primary/",2019-04-29,2019-05-05,"1","Biden","","+21.0","#009900",19.0,40.0,NA, 8.0, 6.0,2.0,NA,1.0, 7.0, 5.0, 1.0, 3.0,NA,NA,1.0,1.0,NA, 1.0,NA,NA,1.0,NA,1.0,0.0, 1.0, 0.0,NA,NA,NA,NA,NA,NA
"205","121763","poll","Harvard-Harris","4/30 - 5/1","","259 RV","","",Biden,,+30.0,#009900,2019-05-03 18:24:06,"https://harvardharrispoll.com/wp-content/uploads/2019/05/HHP_April2019_RV_crosstab.pdf",2019-04-30,2019-05-01,"1","Biden","","+30.0","#009900",14.0,44.0, 2.0, 5.0, 2.0,2.0,NA,0.0, 9.0, 3.0, 0.0, 3.0,NA,NA,1.0,0.0, 0.0,NA,NA, 0.0,1.0,NA,0.0,0.0, 0.0, 0.0, 0.0, 0.0,NA,NA,NA,NA
"206","121685","poll","Quinnipiac","4/26 - 4/29","","419 RV","","",Biden,,+26.0,#009900,2019-04-30 14:01:42,"https://poll.qu.edu/national/release-detail?ReleaseID=2617",2019-04-26,2019-04-29,"1","Biden","","+26.0","#009900",11.0,38.0,NA,12.0,10.0,1.0,NA,0.0, 8.0, 5.0, 1.0, 2.0,NA,NA,0.0,1.0, 0.0,NA,NA, 0.0,0.0,NA,0.0,1.0, 0.0, 0.0, 0.0,NA,NA,NA,NA,NA
"207","121679","poll","CNN","4/25 - 4/28",""," ","","",Biden,,+24.0,#009900,2019-04-30 08:47:32,"http://cdn.cnn.com/cnn/2019/images/04/29/rel6a.-.2020.democrats.pdf",2019-04-25,2019-04-28,"1","Biden","","+24.0","#009900",15.0,39.0,NA, 8.0, 7.0,2.0,NA,2.0, 5.0, 6.0, 1.0, 2.0,0.0,NA,0.0,1.0, 1.0, 0.0,NA, 0.0,0.0,0.0,1.0,1.0, 0.0, 0.0, 1.0,NA,NA,NA,NA,NA
"208","121675","poll","Politico/Morning Consult","4/22 - 4/28","","15475 RV","","",Biden,,+14.0,#009900,2019-06-08 11:15:16,"https://morningconsult.com/2020-democratic-primary/",2019-04-22,2019-04-28,"1","Biden","","+14.0","#009900",22.0,36.0,NA, 9.0, 8.0,2.0,NA,1.0, 7.0, 5.0, 2.0, 3.0,NA,NA,1.0,1.0,NA, 1.0,NA,NA,1.0,NA,1.0,1.0, 1.0, 0.0,NA,NA,NA,NA,NA,NA
"209","121614","poll","Monmouth","4/11 - 4/15","","330 RV","","",Biden,,+7.0,#009900,2019-04-22 23:28:25,"https://www.monmouth.edu/polling-institute/reports/monmouthpoll_US_042319/",2019-04-11,2019-04-15,"1","Biden","","+7.0","#009900",20.0,27.0,NA, 6.0, 8.0,1.0,NA,0.0, 8.0, 4.0, 0.0, 2.0,0.0,NA,0.0,0.0, 0.0, 0.0,NA, 0.0,0.0,1.0,0.0,0.0, 2.0, 0.0, 0.0,NA,NA,NA,NA,0.0
"210","121615","poll","Politico/Morning Consult","4/15 - 4/21","","14335 RV","","",Biden,,+6.0,#009900,2019-06-08 11:15:53,"https://morningconsult.com/2020-democratic-primary/",2019-04-15,2019-04-21,"1","Biden","","+6.0","#009900",24.0,30.0,NA, 7.0, 9.0,2.0,NA,1.0, 8.0, 6.0, 2.0, 4.0,NA,NA,0.0,1.0,NA, 0.0,NA,NA,1.0,NA,1.0,1.0, 1.0,NA,NA,NA,NA,NA,NA,NA
"211","121517","poll","Emerson","4/11 - 4/14","","356 RV","","",Sanders,,+5.0,#457fff,2019-04-15 08:18:38,"https://emersonpolling.reportablenews.com/pr/april-national-poll-bernie-takes-lead-for-democratic-nomination-mayor-pete-on-the-move",2019-04-11,2019-04-14,"1","Sanders","","+5.0","#457fff",29.0,24.0,NA, 7.0, 9.0,1.0,NA,1.0, 8.0, 8.0, 3.0, 2.0,NA,NA,1.0,3.0, 0.0,NA,NA, 0.0,1.0,NA,0.0,0.0, 0.0,NA, 1.0, 1.0,NA,NA,NA,NA
"212","121529","poll","Politico/Morning Consult","4/8 - 4/14","","12550 RV","","",Biden,,+8.0,#009900,2019-06-08 11:16:25,"https://morningconsult.com/2020-democratic-primary/",2019-04-08,2019-04-14,"1","Biden","","+8.0","#009900",23.0,31.0,NA, 7.0, 7.0,2.0,NA,1.0, 9.0, 8.0, 1.0, 4.0,NA,NA,1.0,1.0,NA, 1.0,NA,NA,1.0,NA,1.0,1.0, 1.0,NA,NA,NA,NA,NA,NA,0.0
"213","121438","poll","Politico/Morning Consult","4/1 - 4/7","","13644 RV","","",Biden,,+9.0,#009900,2019-06-08 11:17:45,"https://morningconsult.com/2020-democratic-primary/",2019-04-01,2019-04-07,"1","Biden","","+9.0","#009900",23.0,32.0,NA, 7.0, 5.0,2.0,NA,1.0, 9.0, 8.0, 1.0, 4.0,NA,NA,1.0,1.0,NA, 1.0,NA,NA,1.0,NA,2.0,1.0, 1.0,NA,NA,NA,NA,NA,NA,0.0
"214","121431","poll","The Hill/HarrisX","4/5 - 4/6","","370 RV","","",Biden,,+17.0,#009900,2019-04-08 17:33:01,"https://thehill.com/hilltv/what-americas-thinking/437871-new-poll-biden-still-leads-democratic-presidential-pack-despite",2019-04-05,2019-04-06,"1","Biden","","+17.0","#009900",19.0,36.0,NA, 6.0, 4.0,2.0,NA,0.0, 9.0, 7.0, 1.0, 6.0,NA,NA,0.0,1.0,NA,NA,NA,NA,NA,NA,2.0,NA,NA,NA,NA,NA,NA,NA,NA,NA
"215","123294","poll","LA Times/USC","3/15 - 4/15","","2196 RV","2.0","",Biden,,+11.0,#009900,2019-08-21 10:03:36,"https://drive.google.com/file/d/1qM_Y-62GrLiy8Yiu0mvTdJHBI97vM-Ud/view",2019-03-15,2019-04-15,"1","Biden","","+11.0","#009900",16.0,27.0,NA, 4.0, 2.0,1.0,NA,1.0, 7.0, 7.0, 1.0, 2.0,NA,NA,0.0,1.0, 0.0,NA,NA,NA,NA,NA,1.0,1.0, 2.0,NA,NA,NA,NA,NA,NA,NA
"216","121365","poll","Politico/Morning Consult","3/25 - 3/31","","12940 LV","","",Biden,,+8.0,#009900,2019-06-08 11:19:10,"https://morningconsult.com/wp-content/uploads/2019/04/Political-Intelligence-4.2.19.pdf",2019-03-25,2019-03-31,"1","Biden","","+8.0","#009900",25.0,33.0,NA, 7.0, 3.0,2.0,NA,1.0, 8.0, 8.0,NA, 4.0,NA,NA,1.0,1.0,NA, 1.0,NA,NA,NA,NA,1.0,1.0, 1.0,NA,NA,NA,NA,NA,NA,0.0
"217","121310","poll","Quinnipiac","3/21 - 3/25",""," ","","",Biden,,+10.0,#009900,2019-03-28 13:29:16,"https://poll.qu.edu/national/release-detail?ReleaseID=2611",2019-03-21,2019-03-25,"1","Biden","","+10.0","#009900",19.0,29.0,NA, 4.0, 4.0,2.0,NA,0.0, 8.0,12.0, 0.0, 2.0,NA,NA,NA,1.0, 0.0,NA,NA,NA,NA,NA,0.0,0.0, 1.0,NA,NA,NA,NA,NA,NA,NA
"218","121456","poll","Harvard-Harris","3/25 - 3/26","","263 RV","","",Biden,,+18.0,#009900,2019-04-10 09:10:09,"https://harvardharrispoll.com/wp-content/uploads/2019/03/March2019_HHP_RV_Topline.pdf",2019-03-25,2019-03-26,"1","Biden","","+18.0","#009900",17.0,35.0,NA, 6.0, 2.0,2.0,NA,2.0, 5.0, 7.0, 1.0, 4.0,NA,NA,NA,1.0,NA,NA,NA,NA,NA,NA,1.0,1.0, 1.0,NA,NA,NA,NA,NA,NA,NA
"219","121334","poll","Harvard-Harris","3/25 - 3/26","","1437 RV","","",Biden,,+8.0,#009900,2019-03-29 09:27:50,"https://harvardharrispoll.com/wp-content/uploads/2019/03/March2019_HHP_RV_Topline.pdf",2019-03-25,2019-03-26,"1","Biden","","+8.0","#009900",18.0,26.0, 0.0, 5.0, 2.0,1.0,NA,0.0,11.0, 5.0, 2.0, 3.0,NA,NA,NA,1.0,NA,NA,NA,NA,NA,NA,0.0,0.0, 0.0,NA,NA,NA,NA,NA,11.0,NA
"220","121253","poll","Politico/Morning Consult","3/18 - 3/24","","13725 RV","","",Biden,,+10.0,#009900,2019-06-08 11:20:42,"https://morningconsult.com/2020-democratic-primary/",2019-03-18,2019-03-24,"1","Biden","","+10.0","#009900",25.0,35.0,NA, 7.0, 2.0,2.0,NA,1.0, 8.0, 8.0,NA, 4.0,NA,NA,1.0,1.0,NA, 1.0,NA,NA,NA,NA,1.0,1.0, 1.0,NA,NA,NA,NA,NA,NA,0.0
"221","121235","poll","FOX News","3/17 - 3/20","","403 LV","","",Biden,,+8.0,#009900,2019-03-24 10:47:23,"https://www.foxnews.com/politics/fox-news-poll-biden-sanders-top-democratic-preference",2019-03-17,2019-03-20,"1","Biden","","+8.0","#009900",23.0,31.0,NA, 4.0, 1.0,1.0,NA,0.0, 8.0, 8.0, 1.0, 4.0,0.0,NA,1.0,1.0,NA, 0.0,NA,NA,NA,NA,2.0,1.0, 0.0,NA,NA,NA,NA,NA,NA,0.0
"222","121166","poll","Emerson","3/17 - 3/18","","487 RV","4.4","",Tie,,,,2019-03-20 09:35:05,"http://emersonpolling.com/2019/03/19/national-poll-sanders-tied-with-biden-beto-gets-post-announcement-bump/",2019-03-17,2019-03-18,"1","Tie","","","",26.0,26.0,NA, 8.0, 3.0,1.0,NA,1.0,12.0,11.0, 1.0, 3.0,NA,NA,NA,1.0,NA,NA,NA,NA,NA,NA,0.0,1.0, 1.0,NA,NA,NA,NA,NA,NA,NA
"223","121157","poll","CNN","3/14 - 3/17","","456 RV","","",Biden,,+8.0,#009900,2019-03-19 16:28:03,"http://cdn.cnn.com/cnn/2019/images/03/19/rel4b.-.2020.pdf",2019-03-14,2019-03-17,"1","Biden","","+8.0","#009900",20.0,28.0,NA, 6.0, 1.0,3.0,NA,0.0,12.0,11.0,NA, 3.0,NA,NA,0.0,1.0,NA, 0.0,NA,NA,NA,NA,1.0,1.0, 1.0,NA,NA,NA,NA,NA,NA,0.0
"224","121155","poll","Politico/Morning Consult","3/11 - 3/17","","13551 RV","","",Biden,,+8.0,#009900,2019-06-08 11:23:24,"https://morningconsult.com/wp-content/uploads/2019/03/Political-Intelligence-3.19.19.pdf",2019-03-11,2019-03-17,"1","Biden","","+8.0","#009900",27.0,35.0,NA, 7.0, 1.0,2.0,NA,1.0, 8.0, 8.0,NA, 4.0,NA,NA,1.0,1.0,NA, 0.0,NA,NA,NA,NA,1.0,1.0, 1.0,NA,NA,NA,NA,NA,NA,0.0
"225","121082","poll","Politico/Morning Consult","3/4 - 3/10","","15226 RV","","",Biden,,+4.0,#009900,2019-06-08 11:23:55,"https://morningconsult.com/wp-content/uploads/2019/03/Political-Intelligence-3.12.19.pdf",2019-03-04,2019-03-10,"1","Biden","","+4.0","#009900",27.0,31.0,NA, 7.0, 1.0,3.0,NA,1.0,10.0, 7.0,NA, 4.0,NA,NA,1.0,1.0,NA, 1.0,NA,NA,NA,NA,1.0,1.0, 1.0,NA,NA,NA,NA,NA,NA,1.0
"226","121078","poll","Monmouth","3/1 - 3/4","","310 RV","5.6","",Biden,,+3.0,#009900,2019-03-11 10:42:01,"https://www.monmouth.edu/polling-institute/reports/monmouthpoll_US_031119/",2019-03-01,2019-03-04,"1","Biden","","+3.0","#009900",25.0,28.0, 2.0, 8.0, 0.0,3.0,NA,0.0,10.0, 6.0, 1.0, 5.0,0.0,NA,0.0,1.0, 0.0, 0.0,NA,NA,NA,1.0,0.0,0.0, 1.0,NA,NA,NA,1.0,0.0,NA,0.0
"227","121000","poll","Politico/Morning Consult","2/25 - 3/3","","12560 RV","","",Biden,,+4.0,#009900,2019-06-08 11:24:30,"https://morningconsult.com/wp-content/uploads/2019/03/Political-Intelligence-3.5.19.pdf",2019-02-25,2019-03-03,"1","Biden","","+4.0","#009900",27.0,31.0, 2.0, 7.0, 1.0,3.0,NA,1.0,11.0, 6.0,NA, 4.0,NA,NA,0.0,1.0,NA,NA,NA,NA,NA,NA,1.0,0.0, 1.0,NA,NA,NA,1.0,1.0,NA,0.0
"228","121455","poll","Harvard-Harris","2/19 - 2/20",""," ","","",Biden,,+15.0,#009900,2019-04-10 09:05:19,"https://harvardharrispoll.com/wp-content/uploads/2019/02/HHP_Feb2019_RV_topline.pdf",2019-02-19,2019-02-20,"1","Biden","","+15.0","#009900",22.0,37.0, 3.0, 4.0,NA,NA,NA,1.0,10.0, 6.0,NA, 2.0,NA,NA,NA,2.0,NA,NA,NA,NA,NA,NA,1.0,NA,NA,NA,NA,NA,NA,NA,NA,NA
"229","120912","poll","Harvard-Harris","2/19 - 2/20","","346 RV","","",Biden,,+11.0,#009900,2019-02-28 13:01:45,"https://harvardharrispoll.com/wp-content/uploads/2019/02/HHP_Feb2019_RV_topline.pdf",2019-02-19,2019-02-20,"1","Biden","","+11.0","#009900",19.0,30.0, 2.0, 4.0,NA,NA,NA,0.0,10.0, 4.0,NA, 5.0,NA,NA,NA,0.0,NA,NA,NA,NA,NA,NA,0.0,NA,NA,NA,NA,NA,NA,NA,NA,NA
"230","120910","poll","Politico/Morning Consult","2/18 - 2/24","","15642 RV","","",Biden,,+2.0,#009900,2019-06-08 11:24:21,"https://morningconsult.com/wp-content/uploads/2019/02/Political-Intelligence-2.26.19.pdf",2019-02-18,2019-02-24,"1","Biden","","+2.0","#009900",27.0,29.0, 2.0, 7.0, 1.0,3.0,NA,1.0,10.0, 7.0,NA, 4.0,NA,NA,1.0,1.0,NA,NA,NA,NA,NA,NA,1.0,0.0, 1.0,NA,NA,NA,1.0,1.0,NA,1.0
"231","120832","poll","Politico/Morning Consult","2/11 - 2/17","","15383 RV","","",Biden,,+9.0,#009900,2019-06-08 11:22:36,"https://morningconsult.com/2020-democratic-primary/",2019-02-11,2019-02-17,"1","Biden","","+9.0","#009900",21.0,30.0, 2.0, 8.0, 0.0,4.0,NA,1.0,11.0, 7.0,NA, 5.0,NA,NA,0.0,1.0,NA,NA,NA,NA,NA,NA,1.0,0.0, 1.0,NA,NA,NA,1.0,1.0,NA,1.0
"232","120810","poll","Emerson","2/14 - 2/16","","431 RV","4.7","",Biden,,+10.0,#009900,2019-03-06 09:59:35,"http://emersonpolling.com/2019/02/16/majority-of-americans-disagree-with-trumps-national-emergency-despite-a-plurality-agreeing-with-border-wall-extension/",2019-02-14,2019-02-16,"1","Biden","","+10.0","#009900",17.0,27.0, 2.0, 9.0, 0.0,5.0,NA,2.0,15.0, 4.0,NA, 9.0,NA,NA,0.0,1.0,NA,NA,NA,NA,NA,NA,1.0,NA,NA,NA,NA,NA,3.0,NA,NA,NA
"233","120806","poll","Politico/Morning Consult","2/4 - 2/10","","11627 RV","1.0","",Biden,,+7.0,#009900,2019-06-08 11:22:07,"https://morningconsult.com/wp-content/uploads/2019/02/Morning-Consult_Political-Intelligence_2.12.19.pdf",2019-02-04,2019-02-10,"1","Biden","","+7.0","#009900",22.0,29.0, 2.0, 8.0,NA,3.0,NA,1.0,13.0, 7.0,NA, 5.0,NA,NA,NA,1.0,NA,NA,NA,NA,NA,NA,1.0,NA,NA,NA,NA,NA,2.0,NA,NA,NA
"234","120702","poll","Monmouth","1/25 - 1/27","","313 RV","5.5","",Biden,,+13.0,#009900,2019-03-06 10:01:59,"https://www.monmouth.edu/polling-institute/reports/monmouthpoll_US_020419/",2019-01-25,2019-01-27,"1","Biden","","+13.0","#009900",16.0,29.0, 4.0, 8.0, 0.0,2.0,NA,1.0,11.0, 7.0,NA, 4.0,NA,NA,0.0,1.0,NA,NA,NA,NA,NA,NA,1.0,0.0, 1.0,NA,NA,NA,1.0,NA,NA,0.0
"235","120598","poll","Politico/Morning Consult","1/25 - 1/27","","685 RV","4.0","",Biden,,+18.0,#009900,2019-01-30 09:07:37,"https://morningconsult.com/wp-content/uploads/2019/01/190156_crosstabs_POLITICO_RVs_v1_ML.pdf",2019-01-25,2019-01-27,"1","Biden","","+18.0","#009900",15.0,33.0, 2.0, 6.0,NA,1.0,NA,0.0,10.0, 6.0,NA, 3.0,NA,NA,NA,1.0,NA,NA,NA,NA,NA,NA,1.0,NA,NA,NA,NA,NA,1.0,NA,NA,NA
"236","120519","poll","Politico/Morning Consult","1/18 - 1/22","","694 RV","","",Biden,,+10.0,#009900,2019-01-23 12:07:08,"https://morningconsult.com/wp-content/uploads/2019/01/190140_crosstabs_POLITICO_RVs_v1_AP-3.pdf",2019-01-18,2019-01-22,"1","Biden","","+10.0","#009900",16.0,26.0, 2.0, 6.0,NA,2.0,NA,NA, 9.0, 6.0,NA, 4.0,NA,NA,NA,2.0,NA,NA,NA,NA,NA,NA,2.0,NA,NA,NA,NA,NA,1.0,NA,NA,NA
"237","120495","poll","Emerson*","1/20 - 1/21","","355 LV","5.2","",Biden,,+37.0,#009900,2019-04-10 15:33:53,"https://www.emerson.edu/news-events/emerson-college-today/voters-split-trumps-offer-temporary-relief-dreamers-oppose-amnesty-warren-leads-among-announced-2020-democratic-candidates#.XEebOlxKhhE",2019-01-20,2019-01-21,"1","Biden","","+37.0","#009900", 5.0,45.0, 7.0, 3.0,NA,1.0,NA,2.0, 3.0, 3.0,NA, 8.0,NA,NA,NA,8.0,NA,NA,NA,NA,NA,NA,1.0,NA,NA,NA,NA,NA,4.0,NA,NA,NA
"238","121454","poll","Harvard-Harris","1/15 - 1/16","","479 RV","","",Biden,,+2.0,#009900,2019-04-10 09:01:09,"https://harvardharrispoll.com/wp-content/uploads/2019/01/Jan2019_HHP_registeredvoters_topline.pdf",2019-01-15,2019-01-16,"1","Biden","","+2.0","#009900",21.0,23.0, 5.0, 4.0,NA,NA,NA,2.0, 7.0, 8.0,NA, 3.0,NA,NA,NA,1.0,NA,NA,NA,NA,NA,NA,2.0,NA,NA,NA,NA,NA,NA,NA,NA,NA
"239","120510","poll","Harvard-Harris","1/15 - 1/16","","488 RV","","",Biden,,+11.0,#009900,2019-02-12 09:22:09,"https://harvardharrispoll.com/wp-content/uploads/2019/01/Jan2019_HHP_registeredvoters_topline.pdf",2019-01-15,2019-01-16,"1","Biden","","+11.0","#009900",13.0,24.0, 5.0, 5.0,NA,NA,NA,1.0, 4.0, 9.0,NA, 2.0,NA,NA,NA,2.0,NA,NA,NA,NA,NA,NA,1.0,NA,NA,NA,NA,NA,NA,NA,10.0,NA
"240","120520","poll","Politico/Morning Consult","1/11 - 1/14","","674 RV","","",Biden,,+17.0,#009900,2019-01-23 12:51:31,"https://morningconsult.com/wp-content/uploads/2019/01/190125_crosstabs_POLITICO_RVs_v1_DK.pdf",2019-01-11,2019-01-14,"1","Biden","","+17.0","#009900",15.0,32.0, 1.0, 9.0,NA,1.0,NA,NA, 6.0, 8.0,NA, 2.0,NA,NA,NA,0.0,NA,NA,NA,NA,NA,NA,1.0,NA,NA,NA,NA,NA,1.0,NA,NA,NA
"241","120521","poll","Politico/Morning Consult","1/4 - 1/6","","674 RV","","",Biden,,+11.0,#009900,2019-01-23 12:54:47,"https://www.politico.com/f/?id=00000168-2f52-db11-ab7d-3ffb937f0002",2019-01-04,2019-01-06,"1","Biden","","+11.0","#009900",16.0,27.0, 1.0, 4.0,NA,2.0,NA,NA, 3.0, 7.0,NA, 3.0,NA,NA,NA,0.0,NA,NA,NA,NA,NA,NA,1.0,NA,NA,NA,NA,NA,1.0,NA,12.0,NA
"242","120522","poll","Politico/Morning Consult","12/14 - 12/16","","706 RV","","",Biden,,+10.0,#009900,2019-01-23 12:57:31,"https://www.politico.com/f/?id=00000167-c362-df35-adef-df67efa30000",2018-12-14,2018-12-16,"1","Biden","","+10.0","#009900",15.0,25.0, 2.0, 3.0,NA,1.0,NA,NA, 3.0, 8.0,NA, 3.0,NA,NA,NA,1.0,NA,NA,NA,NA,NA,NA,1.0,NA,NA,NA,NA,NA,1.0,NA,13.0,NA
"243","120211","poll","CNN","12/6 - 12/9","","463 RV","5.6","",Biden,,+16.0,#009900,2018-12-15 13:18:18,"https://www.cnn.com/2018/12/14/politics/cnn-poll-2020-democrats-beto-orourke-rising/index.html",2018-12-06,2018-12-09,"1","Biden","","+16.0","#009900",14.0,30.0, 3.0, 3.0,NA,NA,NA,NA, 4.0, 9.0,NA, 5.0,NA,NA,NA,NA,NA,NA,NA,NA,NA,NA,NA,NA,NA,NA,NA,NA,1.0,NA,NA,NA
"244","120209","poll","Emerson","12/6 - 12/9","","320 LV","","",Biden,,+4.0,#009900,2019-01-23 12:08:12,"https://www.emerson.edu/news-events/emerson-college-today/emerson-college-national-poll-trumps-disapproval-matches-all-time-low-americans-are-optimistic-about-new-year-despite-belt#.XBGFEmhKhhE",2018-12-06,2018-12-09,"1","Biden","","+4.0","#009900",22.0,26.0,NA, 7.0,NA,NA,NA,NA, 9.0,NA,NA,NA,NA,NA,NA,NA,NA,NA,NA,NA,NA,NA,NA,NA,NA,NA,NA,NA,NA,NA,NA,NA
"245","121453","poll","Harvard-Harris","11/25 - 11/26","","449 RV","","",Biden,,+7.0,#009900,2019-04-10 08:57:02,"https://harvardharrispoll.com/wp-content/uploads/2018/12/HHP_November2018_RegisteredVoters-Topline.pdf",2018-11-25,2018-11-26,"1","Biden","","+7.0","#009900",21.0,28.0, 4.0, 5.0,NA,NA,NA,NA, 3.0, 7.0,NA, 4.0,NA,NA,NA,NA,NA,NA,NA,NA,NA,NA,NA,NA,NA,NA,NA,NA,NA,NA,NA,NA
"246","120210","poll","Harvard-Harris","11/25 - 11/26","","473 RV","","",Biden,,+10.0,#009900,2018-12-15 13:15:16,"https://harvardharrispoll.com/wp-content/uploads/2018/12/HHP_November2018_RegisteredVoters-Topline.pdf",2018-11-25,2018-11-26,"1","Biden","","+10.0","#009900",15.0,25.0, 2.0, 4.0,NA,NA,NA,NA, 2.0, 9.0,NA, 3.0,NA,NA,NA,NA,NA,NA,NA,NA,NA,NA,NA,NA,NA,NA,NA,NA,NA,NA,13.0,NA
"247","120523","poll","Politico/Morning Consult","11/7 - 11/9","","733 RV","","",Biden,,+7.0,#009900,2019-01-23 13:00:17,"https://www.politico.com/f/?id=00000167-0956-def8-a56f-89d6b72d0001",2018-11-07,2018-11-09,"1","Biden","","+7.0","#009900",19.0,26.0, 2.0, 5.0,NA,1.0,NA,NA, 4.0, 8.0,NA, 3.0,NA,NA,NA,1.0,NA,NA,NA,NA,NA,NA,1.0,NA,NA,NA,NA,NA,1.0,NA,NA,NA
"248","120212","poll","CNN","10/4 - 10/7","","464 RV","5.5","",Biden,,+20.0,#009900,2018-12-15 13:24:19,"https://www.cnn.com/2018/10/14/politics/cnn-poll-trump-biden-bernie-sanders-2020",2018-10-04,2018-10-07,"1","Biden","","+20.0","#009900",13.0,33.0, 4.0, 8.0,NA,1.0,NA,NA, 9.0, 4.0,NA, 5.0,NA,NA,NA,NA,NA,NA,NA,NA,NA,NA,1.0,NA,NA,NA,NA,NA,NA,NA,NA,NA
